index,Movie Name,Year,Season,Run Time,Budget,Box Office,Genre,MPAA Rating,Audience Score,Sequel
0,Lemony Snicket's A Series of Unfortunate Events,2004,Fall,108.0,211000000.0,211500000.0,Adventure,PG,73.0,0.0
1,A Star Is Born,2018,Fall,136.0,36000000.0,436300000.0,Drama,R,90.0,1.0
2,Solaris,2002,Fall,99.0,47000000.0,30000000.0,Sci-Fi,PG-13,66.0,1.0
3,Fired Up,2009,Winter,90.0,20000000.0,18500000.0,Comedy,PG-13,24.0,0.0
4,The Lion King,2019,Summer,118.0,380000000.0,1657000000.0,Adventure,PG,52.0,1.0
5,The Little Vampire,2000,Fall,95.0,35000000.0,28000000.0,Fantasy,PG,47.0,0.0
6,Can You Ever Forgive Me?,2018,Fall,107.0,10000000.0,12400000.0,Biography,R,98.0,0.0
7,Broken English,2007,Spring,96.0,2000000.0,1900000.0,Romance,PG-13,64.0,0.0
8,The Last Exorcism,2010,Summer,87.0,1800000.0,70200000.0,Horror,PG-13,77.0,0.0
9,Biosphere,2023,Summer,107.0,80214166666.66667,96257000000.0,Comedy,R,79.0,0.0
10,Captain America: The First Avenger,2011,Summer,124.0,248350000.0,370600000.0,Action,PG-13,80.0,0.0
11,"Hacksaw Ridge
",2016,Fall,139.0,40000000.0,180500000.0,War,R,84.0,0.0
12,A Cinderella Story,2004,Summer,95.0,19000000.0,70100000.0,Comedy,PG,11.0,0.0
13,The Reluctant Fundamentalist,2013,Spring,130.0,15000000.0,2100000.0,Thriller,R,57.0,0.0
14,Bridget Jones's Baby,2016,Summer,123.0,35000000.0,212000000.0,Comedy,R,77.0,1.0
15,The Perfect Score,2004,Winter,93.0,9083333.333333334,10900000.0,Comedy,PG-13,17.0,0.0
16,Finding Bliss,2010,Spring,96.0,1200000.0,1440000.0,Comedy,R,0.0,0.0
17,"Mr. Holmes
",2015,Summer,104.0,10000000.0,29400000.0,Mystery,PG,89.0,0.0
18,Warm Bodies,2013,Winter,98.0,35000000.0,117000000.0,Comedy,PG-13,81.0,0.0
19,A Home at the End of the World,2004,Summer,96.0,6500000.0,1500000.0,Drama,R,50.0,0.0
20,Looking Glass,2018,Winter,103.0,63990000000000.0,76788000000000.0,Thriller,R,29.0,0.0
21,Now You See Me 2,2016,Spring,129.0,150000000.0,334900000.0,Action,PG-13,33.0,1.0
22,The Longest Yard,2005,Spring,113.0,82000000.0,191500000.0,Comedy,PG-13,26.0,1.0
23,Amsterdam,2022,Fall,134.0,80000000.0,31200000.0,Mystery,R,33.0,0.0
24,Mank,2020,Fall,131.0,25000000.0,122572000000.0,Biography,R,83.0,0.0
25,The Master of Disguise,2002,Summer,80.0,16000000.0,43400000.0,Comedy,PG,1.0,0.0
26,The Hangover Part III,2013,Spring,100.0,103000000.0,362000000.0,Comedy,R,20.0,1.0
27,Gone,2012,Winter,95.0,15083333.333333334,18100000.0,Thriller,PG-13,15.0,0.0
28,Godzilla x Kong: The New Empire,2024,Winter,115.0,210000000.0,572500000.0,Action,PG-13,54.0,1.0
29,In the Name of the King,2008,Winter,127.0,60000000.0,13100000.0,Fantasy,PG-13,4.0,0.0
30,War,2007,Summer,103.0,25000000.0,40700000.0,Action,R,30.0,0.0
31,Confessions of a Teenage Drama Queen,2004,Winter,85.0,15000000.0,33300000.0,Comedy,PG,14.0,0.0
32,Palm Springs,2020,Summer,90.0,5000000.0,1500000.0,Comedy,R,94.0,0.0
33,"Table 19
",2017,Winter,87.0,5000000.0,5000000.0,Comedy,PG-13,31.0,0.0
34,The Whole Ten Yards,2004,Spring,99.0,40000000.0,26200000.0,Comedy,PG-13,4.0,1.0
35,Friday the 13th,2009,Winter,97.0,19000000.0,92700000.0,Horror,R,25.0,1.0
36,Sorority Boys,2002,Winter,93.0,12000000.0,12500000.0,Comedy,R,46.0,0.0
37,The Brown Bunny,2004,Summer,119.0,10000000.0,630427000000.0,Drama,NC-17,33.0,0.0
38,Trick 'r Treat,2009,Fall,82.0,12000000.0,27909000000.0,Horror,R,85.0,0.0
39,"The Water Diviner
",2015,Spring,111.0,22500000.0,38200000.0,Drama,R,63.0,0.0
40,"Maps to the Stars
",2015,Winter,112.0,13000000.0,4500000.0,Drama,R,62.0,0.0
41,Transformers: The Last Knight,2017,Spring,149.0,347000000.0,605400000.0,Action,PG-13,15.0,1.0
42,Tolkien,2019,Spring,112.0,20000000.0,9000000.0,Biography,PG-13,52.0,0.0
43,Daddy Day Camp,2007,Summer,89.0,6000000.0,18200000.0,Comedy,PG,1.0,1.0
44,New York Minute,2004,Spring,91.0,30000000.0,21300000.0,Comedy,PG,11.0,0.0
45,Your Lucky Day,2023,Fall,89.0,15193333333.333334,18232000000.0,Thriller,R,64.0,0.0
46,Ella Enchanted,2004,Spring,92.0,31000000.0,27400000.0,Fantasy,PG,50.0,0.0
47,The Book of Henry,2017,Spring,105.0,10000000.0,4600000.0,Drama,PG-13,21.0,0.0
48,Tangled,2010,Fall,100.0,260000000.0,592500000.0,Animation,PG,89.0,0.0
49,Immaculate,2024,Winter,89.0,9000000.0,35000000.0,Horror,R,70.0,0.0
50,Kingdom of the Planet of the Apes,2024,Spring,145.0,200000000.0,397300000.0,Sci-Fi,PG-13,80.0,1.0
51,Meet the Parents,2000,Fall,108.0,55000000.0,330400000.0,Comedy,PG-13,84.0,0.0
52,Dear White People,2014,Fall,108.0,1300000.0,5400000.0,Comedy,R,92.0,0.0
53,Daredevil,2003,Winter,103.0,78000000.0,179200000.0,Action,PG-13,43.0,0.0
54,Holes,2003,Spring,117.0,20000000.0,71400000.0,Adventure,PG,78.0,0.0
55,"Shang-Chi and the Legend of the Ten Rings
",2021,Winter,132.0,250000000.0,432200000.0,Action,PG-13,92.0,0.0
56,Street Fighter: The Legend of Chun-Li,2009,Winter,96.0,50000000.0,12800000.0,Action,PG-13,6.0,1.0
57,The Seagull,2018,Spring,98.0,1250000.0,1500000.0,Drama,PG-13,66.0,0.0
58,Anchorman 2: The Legend Continues,2013,Fall,118.0,50000000.0,173600000.0,Comedy,PG-13,74.0,1.0
59,Gone Baby Gone,2007,Fall,114.0,19000000.0,34600000.0,Mystery,R,94.0,0.0
60,Storks,2016,Summer,87.0,70000000.0,183400000.0,Animation,PG,66.0,0.0
61,Together Together,2021,Summer,90.0,1200000.0,1400000.0,Comedy,R,89.0,0.0
62,Mary Poppins Returns,2018,Fall,131.0,130000000.0,349500000.0,Fantasy,PG,80.0,1.0
63,Birthday Girl,2002,Winter,93.0,13000000.0,16200000.0,Comedy,R,52.0,0.0
64,MVP: Most Valuable Primate,2000,Fall,93.0,1000000.0,1200000.0,Comedy,PG,13.0,0.0
65,Confidence,2003,Spring,97.0,15000000.0,23000000.0,Crime,R,70.0,0.0
66,Good Luck Chuck,2007,Summer,99.0,25000000.0,59800000.0,Comedy,PG-13,5.0,0.0
67,Brother Bear,2003,Fall,85.0,46000000.0,250400000.0,Animation,G,37.0,0.0
68,You're Next,2013,Summer,94.0,1000000.0,26900000.0,Horror,R,76.0,0.0
69,Crossing Over,2009,Winter,113.0,2916666.666666667,3500000.0,Drama,PG-13,16.0,0.0
70,No One Lives,2013,Spring,86.0,5000000.0,1048704000000.0,Horror,R,48.0,0.0
71,Mary Queen of Scots,2018,Fall,125.0,25000000.0,47000000.0,Biography,R,63.0,0.0
72,College,2008,Summer,94.0,7000000.0,6200000.0,Comedy,R,5.0,0.0
73,Mechanic: Resurrection,2016,Summer,98.0,40000000.0,125800000.0,Action,R,32.0,1.0
74,The Bank Job,2008,Winter,112.0,20000000.0,66099999.99999999,Crime,R,79.0,0.0
75,Sound of Freedom,2023,Summer,131.0,14500000.0,251000000.0,Action,PG-13,57.0,0.0
76,The Darkest Minds,2018,Summer,105.0,34000000.0,41100000.0,Sci-Fi,PG-13,17.0,0.0
77,The Souvenir,2019,Spring,119.0,1666666.6666666667,2000000.0,Drama,R,88.0,0.0
78,Loving Jezebel,2000,Fall,87.0,60158333333.333336,72190000000.0,Comedy,R,40.0,0.0
79,The Blackening,2023,Spring,97.0,5000000.0,18600000.0,Horror,PG-13,80.0,0.0
80,Tiger Eyes,2013,Spring,92.0,22633333333.333336,27160000000.0,Drama,PG-13,77.0,0.0
81,The Empty Man,2020,Fall,137.0,16000000.0,4800000.0,Horror,R,75.0,0.0
82,Supercross,2005,Summer,80.0,30000000.0,3344431000000.0,Action,PG-13,5.0,0.0
83,To Rome with Love,2012,Spring,112.0,17000000.0,73200000.0,Comedy,R,44.0,0.0
84,Deepwater Horizon,2016,Summer,107.0,156000000.0,121800000.0,Thriller,PG-13,83.0,0.0
85,The Twilight Saga: Eclipse,2010,Spring,123.0,68000000.0,739000000.0,Fantasy,PG-13,47.0,1.0
86,Tears of the Sun,2003,Winter,121.0,100500000.0,86500000.0,War,R,33.0,0.0
87,Winchester,2018,Winter,99.0,3500000.0,44000000.0,Horror,PG-13,14.0,0.0
88,Ramona and Beezus,2010,Summer,103.0,15000000.0,27300000.0,Comedy,G,70.0,0.0
89,Lowriders,2017,Spring,99.0,5000000.0,6300000.0,Drama,PG-13,58.0,0.0
90,Paws of Fury: The Legend of Hank,2022,Summer,98.0,45000000.0,42500000.0,Animation,PG,53.0,0.0
91,Five Nights at Freddy's,2023,Fall,109.0,20000000.0,291600000.0,Horror,PG-13,32.0,0.0
92,The Other Man,2009,Summer,84.0,1750000.0,2100000.0,Drama,R,18.0,0.0
93,Sex and the City,2008,Spring,145.0,65000000.0,418800000.0,Romance,R,49.0,0.0
94,Beautiful Disaster,2023,Spring,95.0,5750000.0,6900000.0,Romance,PG-13,25.0,0.0
95,About Last Night,2014,Winter,100.0,13000000.0,50500000.0,Comedy,R,13.0,1.0
96,The Disappointments Room,2016,Summer,85.0,15000000.0,5700000.0,Thriller,R,0.0,0.0
97,Cry Macho,2021,Fall,104.0,33000000.0,16500000.0,Drama,PG-13,59.0,0.0
98,Breaking,2022,Summer,103.0,2333333.333333333,2800000.0,Drama,R,80.0,0.0
99,The Suicide Squad,2021,Fall,132.0,185000000.0,168700000.0,Action,R,90.0,1.0
100,The Front Runner,2018,Fall,114.0,25000000.0,3200000.0,Drama,R,60.0,0.0
101,Case 39,2010,Fall,109.0,26000000.0,28200000.0,Horror,R,30.0,0.0
102,The Cave,2005,Summer,97.0,25000000.0,33300000.0,Horror,PG-13,13.0,0.0
103,Shazam!,2019,Spring,132.0,140000000.0,367800000.0,Action,PG-13,90.0,0.0
104,Keeping the Faith,2000,Spring,128.0,29000000.0,59900000.0,Comedy,PG-13,69.0,0.0
105,The Pale Blue Eye,2022,Fall,130.0,72000000.0,86400000.0,Mystery,R,64.0,0.0
106,John Carter,2012,Winter,132.0,306600000.0,284100000.0,Action,PG-13,52.0,0.0
107,Ice Age: Dawn of the Dinosaurs,2009,Summer,94.0,90000000.0,886700000.0,Animation,PG,45.0,1.0
108,Dune: Part Two,2024,Winter,166.0,190000000.0,715400000.0,Sci-Fi,PG-13,92.0,1.0
109,The Dukes of Hazzard,2005,Summer,104.0,53000000.0,109800000.0,Action,PG-13,14.0,1.0
110,The Snowman,2017,Fall,119.0,35000000.0,43100000.0,Thriller,R,29.0,0.0
111,Witless Protection,2008,Winter,99.0,7500000.0,4200000.0,Comedy,PG-13,0.0,0.0
112,Fantastic Beasts: The Secrets of Dumbledore,2022,Spring,142.0,200000000.0,407200000.0,Fantasy,PG-13,46.0,1.0
113,The Longshots,2008,Summer,95.0,23000000.0,11800000.0,Drama,PG,40.0,0.0
114,The Incredible Hulk,2008,Spring,112.0,212500000.0,265600000.00000003,Action,PG-13,67.0,0.0
115,Children of the Corn,2023,Winter,93.0,479315833333.3334,575179000000.0,Horror,R,11.0,1.0
116,Risen,2016,Winter,107.0,20000000.0,46400000.0,Drama,PG-13,52.0,0.0
117,Trauma Center,2019,Fall,87.0,77473333333.33334,92968000000.0,Action,R,0.0,0.0
118,Robot & Frank,2012,Summer,89.0,2500000.0,4900000.0,Sci-Fi,PG-13,86.0,0.0
119,Fantastic Mr. Fox,2009,Fall,87.0,40000000.0,58100000.0,Animation,PG,93.0,0.0
120,The Wedding Planner,2001,Winter,104.0,45500000.0,94700000.0,Comedy,PG-13,17.0,0.0
121,Mrs Henderson Presents,2005,Fall,103.0,20000000.0,27800000.0,Comedy,R,75.0,0.0
122,Joshua,2007,Summer,106.0,599973333333.3334,719968000000.0,Horror,R,61.0,0.0
123,North Country,2005,Fall,126.0,35000000.0,25200000.0,Drama,R,69.0,0.0
124,The Current War,2019,Fall,107.0,30000000.0,12900000.0,Biography,PG-13,32.0,0.0
125,"I, Robot",2004,Summer,115.0,165000000.0,353100000.0,Sci-Fi,PG-13,56.0,0.0
126,Max Payne,2008,Fall,100.0,35000000.0,85800000.0,Action,PG-13,16.0,0.0
127,The Pacifier,2005,Winter,95.0,56000000.0,198600000.0,Comedy,PG,21.0,0.0
128,Never Back Down,2008,Winter,115.0,20000000.0,41600000.0,Action,PG-13,22.0,0.0
129,Despicable Me 4,2024,Summer,94.0,97000000.0,972000000.0,Animation,PG,56.0,1.0
130,Moonrise Kingdom,2012,Spring,94.0,16000000.0,68800000.0,Adventure,PG-13,93.0,0.0
131,Proof of Life,2000,Fall,135.0,65000000.0,62800000.0,Thriller,PG-13,39.0,0.0
132,The Last Song,2010,Winter,107.0,20000000.0,89000000.0,Drama,PG,21.0,0.0
133,Judy,2019,Summer,118.0,10000000.0,46000000.0,Biography,PG-13,80.0,0.0
134,The Eyes of Tammy Faye,2021,Fall,126.0,3166666.666666667,3800000.0,Biography,PG-13,68.0,0.0
135,Enchanted,2007,Fall,107.0,85000000.0,340500000.0,Fantasy,PG,93.0,0.0
136,The Canyons,2013,Summer,99.0,250000000000.0,265670000000.0,Drama,R,25.0,0.0
137,The Interpreter,2005,Spring,128.0,80000000.0,162900000.0,Thriller,PG-13,56.0,0.0
138,The Conjuring,2013,Summer,112.0,20000000.0,319500000.0,Horror,R,86.0,0.0
139,Nacho Libre,2006,Spring,92.0,35000000.0,99000000.0,Comedy,PG,40.0,0.0
140,Four Good Days,2021,Summer,100.0,720075833333.3334,864091000000.0,Drama,R,53.0,0.0
141,Bruce Almighty,2003,Spring,101.0,81000000.0,484600000.0,Comedy,PG-13,48.0,0.0
142,Knights of the Zodiac,2023,Spring,112.0,60000000.0,7000000.0,Fantasy,PG-13,21.0,0.0
143,Dr. Seuss' The Lorax,2012,Winter,86.0,70000000.0,351400000.0,Animation,PG,54.0,0.0
144,The Illusionist,2006,Summer,110.0,16500000.0,87800000.0,Mystery,PG-13,74.0,0.0
145,Drag Me to Hell,2009,Spring,99.0,30000000.0,90800000.0,Horror,PG-13,92.0,0.0
146,The Tigger Movie,2000,Winter,77.0,30000000.0,96200000.0,Animation,G,76.0,0.0
147,Nicholas Nickleby,2002,Fall,132.0,10000000.0,3700000.0,Drama,PG,78.0,0.0
148,Bulletproof Monk,2003,Spring,104.0,52000000.0,37700000.0,Action,PG-13,23.0,0.0
149,Hobo with a Shotgun,2011,Spring,86.0,3000000.0,834953000000.0,Action,R,65.0,0.0
150,Open Water,2004,Summer,79.0,500000000000.0,55500000.0,Thriller,R,71.0,0.0
151,American Fiction,2023,Fall,117.0,10000000.0,23000000.0,Comedy,R,94.0,0.0
152,Silent House,2012,Winter,87.0,2000000.0,13100000.0,Horror,R,13.0,0.0
153,Marmaduke,2022,Spring,88.0,1250000.0,1500000.0,Animation,PG,0.0,1.0
154,Surveillance,2009,Spring,97.0,916666.6666666667,1100000.0,Mystery,R,65.0,0.0
155,The Children Act,2018,Summer,105.0,14750000.0,17700000.0,Drama,PG-13,84.0,0.0
156,Someone Like You,2001,Winter,97.0,23000000.0,38600000.0,Comedy,PG-13,23.0,0.0
157,Fat Albert,2004,Fall,93.0,45000000.0,48600000.0,Comedy,PG,23.0,0.0
158,Celeste and Jesse Forever,2012,Summer,92.0,840000000000.0,3600000.0,Comedy,R,81.0,0.0
159,Hellboy II: The Golden Army,2008,Summer,120.0,125000000.0,168300000.0,Action,PG-13,86.0,1.0
160,Maid in Manhattan,2002,Fall,105.0,55000000.0,154900000.0,Comedy,PG-13,30.0,0.0
161,Price of Glory,2000,Winter,118.0,18000000.0,3500000.0,Drama,PG-13,22.0,0.0
162,Woman Walks Ahead,2018,Spring,102.0,5000000.0,970556000000.0,Biography,R,52.0,0.0
163,The Beach Bum,2019,Winter,95.0,5000000.0,4600000.0,Comedy,R,56.0,0.0
164,Elysium,2013,Summer,109.0,115000000.0,286100000.0,Sci-Fi,R,65.0,0.0
165,The Seeker,2007,Fall,99.0,45000000.0,31800000.0,Fantasy,PG,15.0,0.0
166,Coming 2 America,2021,Spring,110.0,60000000.0,72000000.0,Comedy,PG-13,49.0,1.0
167,Brüno,2009,Summer,82.0,42000000.0,138800000.0,Comedy,R,69.0,0.0
168,The Muppets,2011,Fall,103.0,45000000.0,171800000.0,Musical,PG,95.0,0.0
169,Shorts: The Adventures of the Wishing Rock,2009,Summer,89.0,20000000.0,29000000.0,Adventure,PG,44.0,0.0
170,Rugrats Go Wild,2003,Spring,80.0,25000000.0,55400000.0,Animation,PG,40.0,1.0
171,Edge of Darkness,2010,Winter,117.0,80000000.0,81100000.0,Action,R,55.0,0.0
172,The Amazing Spider-Man,2012,Summer,136.0,315000000.0,758700000.0,Action,PG-13,72.0,0.0
173,Wonder Woman 1984,2020,Fall,151.0,200000000.0,169600000.0,Action,PG-13,58.0,1.0
174,"Life
",2017,Winter,104.0,58000000.0,100500000.0,Sci-Fi,R,48.0,0.0
175,Dr. Dolittle 2,2001,Spring,87.0,70000000.0,176100000.0,Comedy,PG,42.0,1.0
176,Elektra,2005,Winter,97.0,75500000.0,57000000.0,Action,PG-13,11.0,0.0
177,Gone Girl,2014,Fall,149.0,61000000.0,370900000.0,Thriller,R,87.0,0.0
178,Panic,2000,Fall,88.0,649280833333.3334,779137000000.0,Drama,R,84.0,0.0
179,Larry the Cable Guy: Health Inspector,2006,Winter,89.0,17000000.0,15600000.0,Comedy,PG-13,4.0,0.0
180,2012 ,2009,Fall,158.0,200000000.0,791200000.0,Action,PG-13,39.0,0.0
181,Breaking In,2018,Spring,88.0,12000000.0,51400000.0,Thriller,PG-13,64.0,0.0
182,The Darjeeling Limited,2007,Summer,91.0,17500000.0,35100000.0,Adventure,R,70.0,0.0
183,"Definitely, Maybe",2008,Winter,111.0,24000000.0,55600000.0,Comedy,PG-13,71.0,0.0
184,"Oldboy
",2005,Winter,120.0,3000000.0,17600000.0,Action,R,71.0,0.0
185,You Will Meet a Tall Dark Stranger,2010,Summer,100.0,22000000.0,36000000.0,Comedy,R,45.0,0.0
186,Stolen,2012,Summer,96.0,35000000.0,18000000.0,Action,R,18.0,0.0
187,All Fun and Games,2023,Summer,76.0,1166666.6666666667,1400000.0,Horror,R,25.0,0.0
188,Empire of Light,2022,Fall,115.0,9500000.0,11400000.0,Drama,R,45.0,0.0
189,Rogue One: A Star Wars Story,2016,Fall,134.0,340100000.0,1059000000.0,Sci-Fi,PG-13,84.0,0.0
190,The Promise,2017,Spring,134.0,90000000.0,12400000.0,Drama,PG-13,51.0,0.0
191,Reservation Road,2007,Fall,98.0,1500000.0,1800000.0,Drama,R,38.0,0.0
192,Lay the Favorite,2012,Fall,94.0,14700000.0,1500000.0,Comedy,R,18.0,0.0
193,"Sleeping with Other People
",2015,Summer,101.0,3000000.0,3200000.0,Comedy,R,74.0,0.0
194,It Chapter Two,2019,Summer,169.0,79000000.0,473100000.0,Horror,R,62.0,1.0
195,Terror on the Prairie,2022,Spring,107.0,2000000.0,13115000000.0,Western,R,30.0,0.0
196,Dance Flick,2009,Spring,83.0,25000000.0,32000000.0,Comedy,PG-13,14.0,0.0
197,Alvin and the Chipmunks: The Squeakquel,2009,Fall,88.0,70000000.0,443100000.0,Animation,PG,20.0,1.0
198,Infamous,2006,Fall,118.0,13000000.0,2600000.0,Biography,R,73.0,0.0
199,Mission: Impossible 2,2000,Spring,124.0,182500000.0,546400000.0,Action,PG-13,57.0,1.0
200,Life or Something Like It,2002,Spring,103.0,40000000.0,16900000.0,Comedy,PG-13,28.0,0.0
201,The Wolfman,2010,Winter,103.0,150000000.0,142600000.0,Horror,R,34.0,0.0
202,"Lincoln
",2012,Fall,150.0,65000000.0,275300000.0,Biography,PG-13,89.0,0.0
203,Spider-Man 3,2007,Spring,139.0,258000000.0,895900000.0,Action,PG-13,63.0,1.0
204,Life Itself,2018,Summer,117.0,10000000.0,8000000.0,Drama,R,13.0,0.0
205,America: Imagine the World Without Her,2014,Spring,103.0,5000000.0,14400000.0,Documentary,PG-13,19.0,0.0
206,21 Jump Street,2012,Winter,109.0,69350000.0,201000000.0,Action,R,85.0,0.0
207,"Eternals
",2021,Winter,156.0,236200000.0,402100000.0,Action,PG-13,47.0,0.0
208,The Invasion,2007,Summer,99.0,105000000.0,40200000.0,Sci-Fi,PG-13,19.0,0.0
209,Who Is Cletis Tout?,2002,Summer,92.0,9000000.0,252706000000.0,Comedy,R,38.0,0.0
210,A Rainy Day in New York,2020,Fall,92.0,25000000.0,23800000.0,Comedy,PG-13,48.0,0.0
211,Cobweb,2023,Summer,88.0,7083333.333333334,8500000.0,Horror,R,61.0,0.0
212,Texas Chainsaw 3D,2013,Winter,92.0,20000000.0,47300000.0,Horror,R,19.0,1.0
213,Fatman,2020,Fall,100.0,20000000.0,1700000.0,Action,R,45.0,0.0
214,"No Time to Die
",2021,Winter,163.0,400500000.0,774200000.0,Action,PG-13,83.0,1.0
215,Avengers: Age of Ultron,2015,Spring,141.0,691600000.0,1405000000.0,Action,PG-13,76.0,1.0
216,We Need to Talk About Kevin,2011,Fall,112.0,7000000.0,10800000.0,Drama,R,76.0,0.0
217,Beyond Borders,2003,Fall,127.0,35000000.0,11700000.0,Drama,R,14.0,0.0
218,Brooklyn's Finest,2010,Winter,132.0,17000000.0,36400000.0,Crime,R,44.0,0.0
219,Big Fat Liar,2002,Winter,88.0,15000000.0,53000000.0,Comedy,PG,45.0,0.0
220,The Painted Veil,2006,Fall,125.0,19400000.0,26900000.0,Drama,PG-13,70.0,0.0
221,The Wrath of Becky,2023,Spring,83.0,172598333333.33334,207118000000.0,Action,R,79.0,1.0
222,The Legend of Zorro,2005,Fall,130.0,75000000.0,142400000.0,Action,PG,43.0,1.0
223,Terminator: Dark Fate,2019,Fall,128.0,283000000.0,261100000.00000003,Action,R,70.0,1.0
224,Uncharted,2022,Winter,116.0,120000000.0,407100000.0,Action,PG-13,40.0,0.0
225,2 Hearts,2020,Fall,100.0,15000000.0,1300000.0,Romance,PG-13,18.0,0.0
226,Resident Evil: Retribution,2012,Summer,96.0,65000000.0,240200000.0,Action,R,28.0,1.0
227,Dashcam,2022,Spring,76.0,58820833333.333336,70585000000.0,Horror,R,36.0,0.0
228,The Human Stain,2003,Fall,106.0,30000000.0,24900000.0,Drama,R,44.0,0.0
229,Her,2013,Fall,126.0,23000000.0,48300000.0,Romance,R,94.0,0.0
230,Yogi Bear,2010,Fall,80.0,80000000.0,203500000.0,Animation,PG,13.0,0.0
231,Failure to Launch,2006,Winter,97.0,50000000.0,130200000.0,Comedy,PG-13,24.0,0.0
232,Kings,2018,Spring,92.0,758557500000.0,910269000000.0,Drama,R,13.0,0.0
233,"The Loft
",2015,Winter,103.0,13000000.0,11000000.0,Thriller,R,15.0,0.0
234,The Witch,2016,Winter,92.0,4000000.0,40400000.0,Horror,R,89.0,0.0
235,The Bad Guys,2022,Spring,100.0,109000000.0,250800000.0,Animation,PG,88.0,0.0
236,Country Strong,2010,Fall,117.0,19500000.0,20600000.0,Drama,PG-13,22.0,0.0
237,The Patriot,2000,Spring,165.0,110000000.0,215300000.0,Action,R,62.0,0.0
238,Ricky Stanicky,2024,Winter,114.0,49700000.0,59640000.0,Comedy,R,44.0,0.0
239,Abduction,2011,Summer,105.0,35000000.0,82100000.0,Action,PG-13,5.0,0.0
240,Come Play,2020,Fall,96.0,9000000.0,13200000.0,Horror,PG-13,55.0,0.0
241,Racing Dreams,2010,Spring,96.0,54235000000.0,65082000000.0,Documentary,PG,93.0,0.0
242,ShowBusiness: The Road to Broadway,2007,Spring,102.0,126423333333.33334,151708000000.0,Documentary,PG,50.0,0.0
243,The Night Before,2015,Fall,101.0,41500000.0,52400000.0,Comedy,R,67.0,0.0
244,The Smurfs,2011,Summer,103.0,110000000.0,563700000.0,Animation,PG,21.0,0.0
245,White Bird,2024,Fall,121.0,20000000.0,8800000.0,Drama,PG-13,73.0,1.0
246,Lucky You,2007,Spring,124.0,55000000.0,8400000.0,Romance,PG-13,28.0,0.0
247,"The Boss Baby
",2017,Winter,97.0,125000000.0,528000000.0,Animation,PG,53.0,0.0
248,Hot Rod,2007,Summer,88.0,25000000.0,14400000.0,Comedy,PG-13,38.0,0.0
249,Kit Kittredge: An American Girl,2008,Spring,101.0,10000000.0,17700000.0,Drama,G,80.0,0.0
250,Stone,2010,Fall,105.0,22000000.0,10300000.0,Drama,R,48.0,0.0
251,Timeline,2003,Fall,116.0,80000000.0,43900000.0,Sci-Fi,PG-13,11.0,0.0
252,Play the Game,2009,Winter,105.0,549569166666.6667,659483000000.0,Comedy,PG-13,38.0,0.0
253,The Burnt Orange Heresy,2020,Winter,98.0,593075833333.3334,711691000000.0,Thriller,R,67.0,0.0
254,Hidalgo,2004,Winter,136.0,100000000.0,108100000.0,Adventure,PG-13,46.0,0.0
255,Did You Hear About the Morgans?,2009,Fall,103.0,58000000.0,85300000.0,Comedy,PG-13,13.0,0.0
256,Lawless,2012,Summer,115.0,26000000.0,54400000.0,Crime,R,78.0,0.0
257,"Saving Christmas
",2014,Fall,79.0,500000000000.0,2800000.0,Comedy,PG,0.0,0.0
258,I Origins,2014,Summer,106.0,1000000.0,852399000000.0,Sci-Fi,R,77.0,0.0
259,Rita Moreno: Just a Girl Who Decided to Go for It,2021,Summer,90.0,220521666666.6667,264626000000.0,Documentary,PG-13,98.0,0.0
260,Bee Season,2005,Fall,104.0,14000000.0,6900000.0,Drama,PG-13,44.0,0.0
261,Three Christs,2020,Winter,109.0,31490000000.0,37788000000.0,Drama,R,41.0,0.0
262,Jigsaw,2017,Fall,92.0,10000000.0,104200000.0,Horror,R,33.0,1.0
263,Rush Hour 3,2007,Summer,91.0,215000000.0,258000000.0,Action,PG-13,18.0,1.0
264,Marshall,2017,Fall,118.0,12000000.0,10100000.0,Drama,PG-13,84.0,0.0
265,Gringo,2018,Winter,110.0,9166666.666666668,11000000.0,Action,R,60.0,0.0
266,Wild West Comedy Show: 30 Days and 30 Nights – Hollywood to the Heartland,2008,Winter,100.0,503245000000.0,603894000000.0,Documentary,R,81.0,0.0
267,Jennifer's Body,2009,Summer,102.0,16000000.0,31600000.0,Horror,R,45.0,0.0
268,Behind the Burly Q,2010,Spring,98.0,19907500000.0,23889000000.0,Documentary,R,77.0,0.0
269,12 Rounds,2009,Winter,109.0,20000000.0,17300000.0,Action,PG-13,30.0,0.0
270,"Mission: Impossible – Rogue Nation
",2015,Summer,131.0,150000000.0,710900000.0,Action,PG-13,94.0,1.0
271,Forever My Girl,2018,Winter,104.0,3500000.0,16399999.999999998,Romance,PG,23.0,0.0
272,Star Trek Beyond,2016,Summer,122.0,185000000.0,343500000.0,Sci-Fi,PG-13,86.0,1.0
273,The Irishman,2019,Fall,209.0,284000000.0,8000000.0,Crime,R,95.0,0.0
274,Arthur,2011,Spring,110.0,40000000.0,48100000.0,Comedy,PG-13,27.0,1.0
275,Lions for Lambs,2007,Fall,92.0,35000000.0,63200000.0,Drama,R,28.0,0.0
276,The Eternal Daughter,2022,Fall,96.0,473608333333.3334,568330000000.0,Horror,PG-13,94.0,0.0
277,The Perks of Being a Wallflower,2012,Summer,103.0,13000000.0,33300000.0,Drama,PG-13,85.0,0.0
278,Remember Me,2010,Winter,108.0,16000000.0,56000000.0,Drama,PG-13,27.0,0.0
279,Babel,2006,Fall,144.0,25000000.0,135300000.0,Drama,R,69.0,0.0
280,Anna Karenina,2012,Summer,130.0,40600000.0,68900000.0,Drama,R,63.0,0.0
281,The Great Raid,2005,Summer,132.0,100000000.0,10800000.0,Action,R,36.0,0.0
282,First Sunday,2008,Winter,106.0,20000000.0,38800000.0,Comedy,PG-13,13.0,0.0
283,"The Wedding Ringer
",2015,Winter,101.0,23000000.0,79800000.0,Comedy,PG-13,29.0,0.0
284,Spiral,2021,Summer,93.0,20000000.0,40600000.0,Horror,R,37.0,1.0
285,Crime and Punishment in Suburbia,2000,Summer,98.0,21995000000.0,26394000000.0,Drama,R,10.0,0.0
286,It,2017,Summer,135.0,55000000.0,704200000.0,Horror,R,86.0,1.0
287,The Namesake,2007,Winter,121.0,9500000.0,20400000.0,Drama,PG-13,86.0,0.0
288,The Ring Two,2005,Winter,110.0,50000000.0,164000000.0,Horror,PG-13,20.0,1.0
289,Saw 3D,2010,Fall,90.0,17000000.0,136200000.0,Horror,R,9.0,1.0
290,The Rider,2018,Spring,105.0,80000000000.0,4200000.0,Western,R,92.0,0.0
291,Big Momma's House,2000,Spring,99.0,30000000.0,174000000.0,Comedy,PG-13,30.0,0.0
292,No Good Deed,2014,Summer,84.0,13200000.0,54300000.0,Thriller,PG-13,12.0,0.0
293,1408,2007,Spring,104.0,25000000.0,133000000.0,Horror,PG-13,79.0,0.0
294,Grindhouse,2007,Spring,191.0,86500000.0,25400000.0,Horror,R,84.0,0.0
295,Lucky Numbers,2000,Fall,105.0,63000000.0,10900000.0,Comedy,R,22.0,0.0
296,"Self/Less
",2015,Summer,117.0,26000000.0,31800000.0,Sci-Fi,PG-13,18.0,0.0
297,Michael Clayton,2007,Fall,120.0,21500000.0,93000000.0,Thriller,R,91.0,0.0
298,Spy,2015,Spring,120.0,65000000.0,235700000.0,Comedy,R,95.0,0.0
299,War of the Worlds,2005,Spring,117.0,132000000.0,603900000.0,Sci-Fi,PG-13,75.0,0.0
300,Free Guy,2021,Fall,115.0,162500000.0,331500000.0,Action,PG-13,80.0,0.0
301,A Man Apart,2003,Spring,109.0,36000000.0,44300000.0,Action,R,10.0,0.0
302,Scouts Guide to the Zombie Apocalypse,2015,Fall,93.0,27000000.0,16100000.000000002,Comedy,R,60.0,0.0
303,Minority Report,2002,Spring,145.0,102000000.0,358400000.0,Sci-Fi,PG-13,90.0,0.0
304,Thirteen Conversations About One Thing,2002,Spring,104.0,3088876666666.667,3706652000000.0,Drama,R,84.0,0.0
305,Sunshine Cleaning,2009,Winter,91.0,5000000.0,17300000.0,Comedy,R,74.0,0.0
306,Get Low,2010,Summer,100.0,7000000.0,10800000.0,Drama,PG-13,85.0,0.0
307,Beau Is Afraid,2023,Spring,179.0,35000000.0,12300000.0,Horror,R,67.0,0.0
308,The Amityville Horror,2005,Spring,89.0,19000000.0,107500000.0,Horror,R,23.0,1.0
309,The Adam Project,2022,Winter,106.0,116000000.0,139200000.0,Sci-Fi,PG-13,67.0,0.0
310,When You Finish Saving the World,2023,Winter,88.0,164100000000.0,196920000000.0,Comedy,R,64.0,0.0
311,Get Carter,2000,Fall,102.0,63600000.0,19400000.0,Action,R,25.0,1.0
312,MaXXXine,2024,Summer,104.0,10000000.0,22100000.0,Horror,R,92.0,1.0
313,Sleuth,2007,Fall,88.0,4000000.0,4800000.0,Thriller,R,36.0,1.0
314,Over Her Dead Body,2008,Winter,95.0,10000000.0,21500000.0,Comedy,PG-13,15.0,0.0
315,Gotti,2018,Spring,110.0,10000000.0,6400000.0,Crime,R,0.0,0.0
316,Ferrari,2023,Fall,130.0,95000000.0,43600000.0,Drama,R,73.0,0.0
317,Valkyrie,2008,Fall,121.0,120000000.0,201500000.0,Thriller,PG-13,61.0,0.0
318,The Truth About Charlie,2002,Fall,104.0,60000000.0,7100000.0,Thriller,PG-13,33.0,0.0
319,Marcel the Shell with Shoes On,2022,Spring,90.0,6000000.0,7000000.0,Animation,PG,99.0,0.0
320,Connie and Carla,2004,Spring,98.0,27000000.0,11300000.0,Comedy,PG-13,43.0,0.0
321,The Assassination of Richard Nixon,2004,Fall,95.0,4600000.0,4400000.0,Drama,R,77.0,0.0
322,The Nut Job 2: Nutty by Nature,2017,Summer,91.0,40000000.0,68700000.0,Animation,PG,16.0,1.0
323,Chaos Walking,2021,Spring,109.0,162500000.0,27000000.0,Sci-Fi,PG-13,21.0,0.0
324,Martin Lawrence Live: Runteldat,2002,Summer,113.0,3000000.0,19100000.0,Comedy,R,33.0,0.0
325,Breakthrough,2019,Spring,116.0,14000000.0,50400000.0,Drama,PG-13,60.0,0.0
326,Hellion,2014,Spring,99.0,46423333333.333336,55708000000.0,Drama,R,61.0,0.0
327,Till,2022,Fall,130.0,20000000.0,11500000.0,Drama,PG-13,98.0,0.0
328,Young Woman and the Sea,2024,Spring,129.0,1583333.3333333335,1900000.0,Drama,PG,94.0,0.0
329,Nerve,2016,Summer,96.0,19000000.0,85300000.0,Thriller,PG-13,67.0,0.0
330,Love Don't Cost a Thing,2003,Fall,101.0,17500000.0,21000000.0,Comedy,PG-13,13.0,0.0
331,Kickin' It Old Skool,2007,Spring,108.0,25700000.0,4700000.0,Comedy,PG-13,2.0,0.0
332,The Exorcist: The Version You've Never Seen,2000,Summer,122.0,12000000.0,441300000.0,Horror,R,84.0,1.0
333,Going in Style,2017,Spring,96.0,25000000.0,84900000.0,Comedy,PG-13,47.0,1.0
334,Superbad,2007,Summer,113.0,27500000.0,170800000.0,Comedy,R,88.0,0.0
335,Better Living Through Chemistry,2014,Winter,91.0,100685833333.33334,120823000000.0,Comedy,R,24.0,0.0
336,Mad Max: Fury Road,2015,Spring,120.0,247150000.0,380400000.0,Action,R,97.0,1.0
337,The Color Purple,2023,Fall,141.0,140000000.0,68800000.0,Musical,PG-13,83.0,1.0
338,The Midnight Sky,2020,Fall,118.0,100000000.0,3000000.0,Sci-Fi,PG-13,51.0,0.0
339,Novocaine,2001,Fall,95.0,10000000.0,2500000.0,Comedy,R,52.0,0.0
340,Alpha and Omega,2010,Summer,88.0,20000000.0,50500000.0,Animation,PG,17.0,0.0
341,How High,2001,Fall,103.0,22000000.0,31300000.0,Comedy,R,26.0,0.0
342,Chapter 27,2008,Winter,84.0,156240000000.0,187488000000.0,Drama,R,18.0,0.0
343,All the Money in the World,2017,Fall,135.0,50000000.0,57000000.0,Crime,R,79.0,0.0
344,Extraordinary Measures,2010,Winter,106.0,31000000.0,15000000.0,Drama,PG,28.0,0.0
345,Demonic,2021,Fall,104.0,1500000.0,366656000000.0,Horror,R,32.0,0.0
346,The Divergent Series: Allegiant,2016,Winter,121.0,181000000.0,179200000.0,Sci-Fi,PG-13,13.0,1.0
347,The Ruins,2008,Spring,90.0,25000000.0,22900000.0,Horror,R,49.0,0.0
348,Alex & Emma,2003,Spring,96.0,30000000.0,15000000.0,Romance,PG-13,11.0,0.0
349,Bubble Boy,2001,Summer,84.0,13000000.0,5000000.0,Comedy,PG-13,32.0,0.0
350,The Man Who Cried,2001,Spring,100.0,20000000.0,1800000.0,Drama,PG-13,33.0,0.0
351,The Iron Claw,2023,Fall,132.0,15900000.0,45200000.0,Drama,R,89.0,0.0
352,Mystic River,2003,Fall,138.0,40000000.0,156600000.0,Drama,R,89.0,0.0
353,Fresh,2022,Winter,114.0,25000000.0,30000000.0,Horror,R,87.0,0.0
354,Untraceable,2008,Winter,101.0,35000000.0,53000000.0,Thriller,R,16.0,0.0
355,Saved!,2004,Spring,92.0,5000000.0,10100000.0,Comedy,PG-13,76.0,0.0
356,Redeeming Love,2022,Winter,134.0,30000000.0,9400000.0,Romance,PG-13,13.0,0.0
357,Fruitvale Station,2013,Summer,85.0,900000000000.0,17400000.0,Drama,R,94.0,0.0
358,Tuesday,2024,Spring,110.0,629750000000.0,755700000000.0,Fantasy,R,74.0,0.0
359,"Hitchcock
",2012,Fall,98.0,15000000.0,27000000.0,Drama,PG-13,60.0,0.0
360,Emma,2020,Winter,124.0,10000000.0,27400000.0,Romance,PG,86.0,0.0
361,Christmas with the Kranks,2004,Fall,98.0,60000000.0,96600000.0,Comedy,PG,5.0,0.0
362,The Girl in the Spider's Web,2018,Fall,117.0,43000000.0,35200000.0,Thriller,R,38.0,1.0
363,The King's Daughter,2022,Winter,94.0,40000000.0,2200000.0,Fantasy,PG,19.0,0.0
364,Club Dread,2004,Winter,103.0,8500000.0,7600000.0,Comedy,R,30.0,0.0
365,Lorelei,2021,Fall,110.0,10535000000.0,12642000000.0,Drama,R,89.0,0.0
366,Preacher's Kid,2010,Winter,110.0,3000000.0,515065000000.0,Drama,PG-13,17.0,0.0
367,The Namesake,2006,Summer,121.0,9500000.0,20400000.0,Drama,PG-13,86.0,0.0
368,Bewitched,2005,Spring,102.0,85000000.0,131400000.0,Comedy,PG-13,15.0,0.0
369,W.,2008,Fall,129.0,25100000.0,29500000.0,Biography,PG-13,58.0,0.0
370,The Two Popes,2019,Fall,125.0,40000000.0,758711000000.0,Drama,PG-13,89.0,0.0
371,The Mule,2018,Fall,116.0,50000000.0,174800000.0,Crime,R,61.0,0.0
372,Basic,2003,Winter,98.0,50000000.0,42800000.0,Action,R,22.0,0.0
373,Hell or High Water,2016,Summer,102.0,12000000.0,37900000.0,Crime,R,97.0,0.0
374,Killers,2010,Spring,100.0,75000000.0,98200000.0,Action,PG-13,11.0,0.0
375,Reign Over Me,2007,Winter,124.0,20000000.0,22000000.0,Drama,R,64.0,0.0
376,The Oranges,2012,Fall,92.0,7000000.0,1900000.0,Comedy,R,46.0,0.0
377,Sharp Stick,2022,Summer,96.0,57165000000.0,68598000000.0,Comedy,R,53.0,0.0
378,"Big Hero 6
",2014,Fall,102.0,165000000.0,657800000.0,Animation,PG,90.0,0.0
379,6 Underground,2019,Fall,128.0,150000000.0,180000000.0,Action,R,36.0,0.0
380,Glass Onion: A Knives Out Mystery,2022,Fall,139.0,40000000.0,15000000.0,Mystery,PG-13,92.0,1.0
381,Women in Trouble,2009,Fall,92.0,50000000000.0,18000000000.0,Comedy,R,65.0,0.0
382,Like Crazy,2011,Fall,90.0,250000000000.0,3800000.0,Drama,PG-13,72.0,0.0
383,Waitress,2007,Spring,104.0,1500000.0,22000000.0,Comedy,PG-13,89.0,0.0
384,"I'll See You in My Dreams
",2015,Spring,96.0,1000000.0,7500000.0,Comedy,PG-13,93.0,0.0
385,It's Complicated,2009,Fall,120.0,117500000.0,219100000.0,Comedy,R,57.0,0.0
386,The Purge: Anarchy,2014,Summer,104.0,14500000.0,111900000.0,Horror,R,57.0,1.0
387,Safe,2012,Spring,95.0,30000000.0,40600000.0,Action,R,58.0,0.0
388,The Pursuit of Happyness,2006,Fall,117.0,55000000.0,307100000.0,Biography,PG-13,67.0,0.0
389,The Holiday,2006,Fall,136.0,85000000.0,205800000.0,Romance,PG-13,49.0,0.0
390,Entebbe,2018,Winter,107.0,8000000.0,9600000.0,Thriller,PG-13,24.0,0.0
391,Hercules,2014,Summer,98.0,100000000.0,244800000.0,Action,PG-13,58.0,0.0
392,Copperhead,2013,Spring,118.0,12000000.0,171740000000.0,Drama,PG-13,21.0,0.0
393,Coyote Ugly,2000,Summer,101.0,45000000.0,113900000.0,Comedy,PG-13,23.0,0.0
394,Smile,2022,Summer,115.0,17000000.0,217400000.0,Horror,R,80.0,0.0
395,Candyman,2021,Fall,91.0,25000000.0,77400000.0,Horror,R,84.0,1.0
396,Chasing Liberty,2004,Winter,111.0,23000000.0,12000000.0,Romance,PG-13,19.0,0.0
397,All Dirt Roads Taste of Salt,2023,Fall,92.0,43403333333.333336,52084000000.0,Drama,PG-13,80.0,0.0
398,Primeval,2007,Winter,94.0,12666666.666666668,15200000.0,Horror,R,18.0,0.0
399,Motherhood,2009,Fall,90.0,10000000.0,726354000000.0,Comedy,PG-13,37.0,0.0
400,De-Lovely,2004,Summer,125.0,15000000.0,18400000.0,Musical,PG-13,48.0,0.0
401,Game 6,2006,Winter,83.0,108053333333.33334,129664000000.0,Comedy,R,65.0,0.0
402,Jiu Jitsu,2020,Fall,102.0,25000000.0,99924000000.0,Action,R,28.0,0.0
403,The Final Season,2007,Fall,114.0,966409166666.6667,1159691000000.0,Drama,PG,30.0,0.0
404,The Lincoln Lawyer,2011,Winter,118.0,40000000.0,87100000.0,Thriller,R,84.0,0.0
405,Dream House,2011,Summer,92.0,50000000.0,40000000.0,Thriller,PG-13,7.0,0.0
406,Halloween Ends,2022,Fall,111.0,33000000.0,105400000.0,Horror,R,40.0,1.0
407,Free Birds,2013,Fall,91.0,55000000.0,110000000.0,Animation,PG,20.0,0.0
408,Bad Boys II,2003,Summer,147.0,130000000.0,273300000.0,Action,R,23.0,1.0
409,The Edge of Seventeen,2016,Fall,104.0,9000000.0,19400000.0,Comedy,R,94.0,0.0
410,Ocean's Twelve,2004,Fall,125.0,110000000.0,362900000.0,Crime,PG-13,55.0,1.0
411,Domestic Disturbance,2001,Fall,89.0,75000000.0,54200000.0,Thriller,PG-13,23.0,0.0
412,Resident Evil,2002,Winter,100.0,33000000.0,103000000.0,Action,R,36.0,0.0
413,Trolls Band Together,2023,Fall,91.0,95000000.0,209600000.0,Animation,PG,62.0,1.0
414,Mr. Malcolm's List,2022,Summer,117.0,1666666.6666666667,2000000.0,Romance,PG,82.0,0.0
415,Star Wars: The Rise of Skywalker,2019,Fall,142.0,593700000.0,1077000000.0,Sci-Fi,PG-13,52.0,1.0
416,White Boy Rick,2018,Summer,111.0,29000000.0,26000000.0,Biography,R,61.0,0.0
417,Turning Red,2022,Winter,100.0,175000000.0,21500000.0,Animation,PG,95.0,0.0
418,"Kung Fu Hustle
",2005,Spring,98.0,20000000.0,104900000.0,Action,R,90.0,0.0
419,Naked Singularity,2021,Fall,93.0,12142500000.0,14571000000.0,Comedy,R,27.0,0.0
420,Fred Claus,2007,Fall,116.0,100000000.0,97800000.0,Comedy,PG,20.0,0.0
421,The Marksman,2021,Spring,108.0,38000000.0,23900000.0,Action,PG-13,38.0,0.0
422,Pain & Gain,2013,Spring,129.0,26000000.0,86200000.0,Action,R,50.0,0.0
423,Zootopia,2016,Winter,108.0,150000000.0,1025000000.0,Animation,PG,98.0,0.0
424,Stomp the Yard,2007,Winter,109.0,13000000.0,75500000.0,Drama,PG-13,37.0,0.0
425,The Lovely Bones,2009,Fall,135.0,65000000.0,93600000.0,Drama,PG-13,32.0,0.0
426,Expend4bles,2023,Summer,104.0,100000000.0,51000000.0,Action,R,14.0,1.0
427,Unsane,2018,Winter,98.0,1500000.0,14300000.0,Horror,R,80.0,0.0
428,Surrogates,2009,Summer,89.0,80000000.0,122400000.0,Sci-Fi,PG-13,39.0,0.0
429,"Roman J. Israel, Esq.",2017,Fall,122.0,22000000.0,13000000.0,Crime,PG-13,52.0,0.0
430,The Angriest Man in Brooklyn,2014,Spring,84.0,512665000000.0,615198000000.0,Comedy,R,13.0,0.0
431,Thirteen Ghosts,2001,Fall,91.0,42000000.0,68500000.0,Horror,R,16.0,0.0
432,The Help,2011,Summer,146.0,25000000.0,221800000.0,Drama,PG-13,76.0,0.0
433,Nurse Betty,2000,Summer,105.0,25000000.0,29400000.0,Comedy,R,83.0,0.0
434,State Property 2,2005,Spring,94.0,2000000.0,1600000.0,Action,R,50.0,1.0
435,Scream,2022,Winter,114.0,24000000.0,138900000.0,Horror,R,76.0,1.0
436,License to Wed,2007,Summer,91.0,35000000.0,70000000.0,Comedy,PG-13,7.0,0.0
437,The Twilight Saga: New Moon,2009,Fall,130.0,50000000.0,712000000.0,Romance,PG-13,29.0,1.0
438,Jesus' Son,2000,Spring,107.0,2500000.0,1300000.0,Drama,R,83.0,0.0
439,Road to Perdition,2002,Summer,117.0,80000000.0,183400000.0,Crime,R,81.0,0.0
440,Blinded by the Light,2019,Summer,117.0,15000000.0,19600000.0,Biography,PG-13,89.0,0.0
441,The Hunt,2020,Winter,90.0,14000000.0,12400000.0,Action,R,57.0,0.0
442,Maze,2001,Fall,98.0,14145.0,16974.0,Drama,R,40.0,0.0
443,Sinister,2012,Fall,109.0,3000000.0,87700000.0,Horror,R,64.0,0.0
444,Criminal,2016,Spring,109.0,31500000.0,38800000.0,Action,R,31.0,0.0
445,Vengeance,2022,Summer,107.0,3666666.666666667,4400000.0,Comedy,R,79.0,0.0
446,Jason Bourne,2016,Summer,123.0,120000000.0,415500000.0,Action,PG-13,54.0,1.0
447,Mona Lisa Smile,2003,Fall,119.0,72300000.0,141300000.0,Drama,PG-13,34.0,0.0
448,Blade II,2002,Winter,117.0,54000000.0,155000000.0,Action,R,57.0,1.0
449,The Perfect Storm,2000,Spring,130.0,120000000.0,328700000.0,Action,PG-13,47.0,0.0
450,The Stoning of Soraya M.,2009,Spring,116.0,916666.6666666667,1100000.0,Drama,PG-13,63.0,0.0
451,Eragon,2006,Fall,103.0,100000000.0,250400000.0,Fantasy,PG,16.0,0.0
452,Nefarious,2023,Spring,97.0,1000000.0,5800000.0,Horror,R,33.0,0.0
453,The Greatest Game Ever Played,2005,Summer,120.0,25000000.0,15400000.0,Drama,PG,63.0,0.0
454,Lightyear,2022,Spring,105.0,200000000.0,226400000.0,Animation,PG,74.0,0.0
455,The Curious Case of Benjamin Button,2008,Fall,166.0,233500000.0,335800000.0,Drama,PG-13,71.0,0.0
456,Extraction,2015,Fall,83.0,916666.6666666667,1100000.0,Action,R,6.0,0.0
457,Broken Bridges,2006,Summer,105.0,11000000.0,252539.0,Drama,PG-13,5.0,0.0
458,Gigi & Nate,2022,Summer,114.0,1916666.6666666667,2300000.0,Drama,PG-13,26.0,0.0
459,Spell,2020,Fall,92.0,416753333333.3334,500104000000.0,Horror,R,48.0,0.0
460,Twisted,2004,Winter,97.0,50000000.0,41000000.0,Thriller,PG-13,2.0,0.0
461,"The Homesman
",2014,Fall,123.0,16000000.0,8199999.999999999,Drama,R,81.0,0.0
462,The Menu,2022,Fall,107.0,30000000.0,79600000.0,Horror,R,88.0,0.0
463,Behind Enemy Lines,2001,Fall,106.0,40000000.0,121700000.0,Action,PG-13,37.0,0.0
464,"West of Memphis
",2012,Fall,147.0,258461666666.6667,310154000000.0,Documentary,R,95.0,0.0
465,Morbius,2022,Spring,104.0,116500000.0,167500000.0,Action,PG-13,15.0,0.0
466,Lola Versus,2012,Spring,87.0,379795000000.0,455754000000.0,Comedy,R,33.0,0.0
467,Crooked House,2017,Fall,115.0,10000000.0,12000000.0,Mystery,PG-13,57.0,0.0
468,Gloria Bell,2019,Winter,102.0,9250000.0,11100000.0,Drama,R,91.0,0.0
469,Tall Girl,2019,Summer,102.0,13600000.0,16320000.0,Comedy,PG,39.0,0.0
470,Evan Almighty,2007,Spring,96.0,175000000.0,174400000.0,Comedy,PG,24.0,1.0
471,The Hills Have Eyes 2,2007,Winter,90.0,15000000.0,37600000.0,Horror,R,12.0,1.0
472,Year One,2009,Spring,97.0,60000000.0,62400000.0,Comedy,PG-13,14.0,0.0
473,Hotel Rwanda,2004,Fall,121.0,17500000.0,33900000.0,Drama,PG-13,90.0,0.0
474,Dungeons & Dragons: Honor Among Thieves,2023,Winter,134.0,150000000.0,208200000.0,Fantasy,PG-13,91.0,0.0
475,Ain't Them Bodies Saints,2013,Summer,97.0,4000000.0,1000000.0,Crime,R,78.0,0.0
476,The Counselor,2013,Fall,117.0,25000000.0,71000000.0,Thriller,R,34.0,0.0
477,The Favourite,2018,Fall,120.0,15000000.0,96000000.0,Biography,R,93.0,0.0
0,Easter Sunday,2022,Summer,96.0,17000000.0,13100000.0,Comedy,PG-13,44.0,0.0
1,Firewall,2006,Winter,105.0,50000000.0,82800000.0,Thriller,PG-13,30.0,0.0
2,Walking with Dinosaurs,2013,Fall,87.0,80000000.0,126500000.0,Family,PG,22.0,0.0
3,Above Suspicion,2021,Summer,104.0,21163333333.333336,25396000000.0,Crime,R,25.0,0.0
4,Anna,2019,Spring,119.0,30000000.0,31600000.0,Action,R,46.0,0.0
5,Cowboys & Aliens,2011,Summer,119.0,163000000.0,174800000.0,Sci-Fi,PG-13,44.0,0.0
6,"Logan
",2017,Winter,137.0,160500000.0,619200000.0,Action,R,94.0,1.0
7,Super,2011,Spring,96.0,2500000.0,593933000000.0,Black Comedy,R,48.0,0.0
8,Longlegs,2024,Summer,101.0,10000000.0,128000000.0,Horror,R,84.0,0.0
9,High Fidelity,2000,Winter,113.0,30000000.0,47100000.0,Comedy,R,91.0,0.0
10,Percy Jackson & the Olympians: The Lightning Thief,2010,Winter,119.0,95000000.0,226400000.0,Fantasy,PG,49.0,0.0
11,Dumbo,2019,Winter,112.0,170000000.0,353300000.0,Family,PG,46.0,0.0
12,Sweetwater,2023,Spring,119.0,8000000.0,541633000000.0,Western,R,36.0,0.0
13,This Means War,2012,Winter,97.0,65000000.0,156500000.0,Action-Comedy,PG-13,26.0,0.0
14,The Other Side of Heaven,2001,Fall,113.0,7000000.0,4800000.0,Drama,PG,29.0,0.0
15,Public Enemies,2009,Summer,140.0,130000000.0,214100000.0,Crime,R,68.0,0.0
16,The Grudge,2020,Winter,94.0,19000000.0,49500000.0,Horror,PG-13,14.0,1.0
17,Chappaquiddick,2018,Spring,101.0,34000000.0,18300000.0,Drama,PG-13,81.0,0.0
18,Disobedience,2018,Spring,114.0,6000000.0,8000000.0,Drama,R,93.0,0.0
19,Big George Foreman,2023,Spring,129.0,32000000.0,6000000.0,Sports,PG-13,42.0,0.0
20,"Brotherly Love
",2015,Spring,89.0,1900000.0,478595000000.0,Drama,R,60.0,0.0
21,The Lord of the Rings: The Return of the King,2003,Fall,201.0,94000000.0,1138000000.0,Fantasy,PG-13,93.0,1.0
22,Shrek Forever After,2010,Spring,93.0,217500000.0,756200000.0,Family,PG,57.0,1.0
23,About a Boy,2002,Spring,101.0,30000000.0,130500000.0,Romantic Comedy,PG-13,93.0,0.0
24,The Accountant,2016,Fall,128.0,44000000.0,155200000.0,Action,R,52.0,0.0
25,Under the Silver Lake,2019,Spring,139.0,8000000.0,2000000.0,Neo-Noir,R,59.0,0.0
26,The Good Thief,2003,Spring,108.0,30000000.0,5756945000000.0,Crime,R,77.0,0.0
27,Waiting for the Barbarians,2020,Summer,112.0,637345833333.3334,764815000000.0,Drama,R,53.0,0.0
28,The Dirt,2019,Winter,108.0,23100000.0,27720000.0,Musical,R,36.0,0.0
29,Johnson Family Vacation,2004,Spring,97.0,12000000.0,31500000.0,Comedy,PG-13,6.0,0.0
30,Basic Instinct 2,2006,Winter,114.0,70000000.0,38600000.0,Thriller,R,6.0,1.0
31,The Tomorrow Man,2019,Spring,94.0,295085833333.3334,354103000000.0,Drama,PG-13,42.0,0.0
32,Past Lives,2023,Spring,106.0,12000000.0,42700000.0,Romance,PG-13,96.0,0.0
33,The Details,2012,Fall,101.0,52995833333.333336,63595000000.0,Comedy,R,45.0,0.0
34,"Crazy, Stupid, Love",2011,Summer,118.0,50000000.0,145000000.0,Romantic Comedy,PG-13,79.0,0.0
35,Couples Retreat,2009,Fall,113.0,60000000.0,171800000.0,Comedy,PG-13,10.0,0.0
36,Polaroid,2019,Fall,88.0,8500000.0,1700000.0,Horror,PG-13,18.0,0.0
37,Sideways,2004,Fall,127.0,16000000.0,109700000.0,Comedy,R,96.0,0.0
38,Geostorm,2017,Fall,109.0,185000000.0,221600000.0,Action,PG-13,17.0,0.0
