"","index","Movie.Name","Year","Season","Run.Time","Budget","Box.Office","Genre","MPAA.Rating","Audience.Score","Sequel","Adjusted_Budget","Adjusted_Box.Office","Adjusted_Genre"
"1",0,"Lemony Snicket's A Series of Unfortunate Events",2004,"Fall",108,2.11e+08,211500000,"Adventure","PG",73,"Not Sequel",350400741.132875,351231074.642668,"Other"
"2",1,"A Star Is Born",2018,"Fall",136,3.6e+07,436300000,"Drama","R",90,"Sequel",44974910.3942652,545070927.917164,"Drama"
"3",2,"Solaris",2002,"Fall",99,4.7e+07,3e+07,"Sci-Fi","PG-13",66,"Sequel",81956086.7148416,52312395.7754308,"Sci-Fi"
"4",3,"Fired Up",2009,"Winter",90,2e+07,18500000,"Comedy","PG-13",24,"Not Sequel",29249417.2494172,27055710.955711,"Comedy"
"5",4,"The Lion King",2019,"Summer",118,3.8e+08,1.657e+09,"Adventure","PG",52,"Sequel",466194759.48377,2032854517.01212,"Other"
"6",5,"The Little Vampire",2000,"Fall",95,3.5e+07,2.8e+07,"Fantasy","PG",47,"Not Sequel",63760162.601626,51008130.0813008,"Fantasy"
"7",6,"Can You Ever Forgive Me?",2018,"Fall",107,1e+07,12400000,"Biography","R",98,"Not Sequel",12493030.6650737,15491358.0246914,"Biography"
"8",7,"Broken English",2007,"Spring",96,2e+06,1900000,"Romance","PG-13",64,"Not Sequel",3026531.59671973,2875205.01688374,"Romance"
"9",8,"The Last Exorcism",2010,"Summer",87,1800000,70200000,"Horror","PG-13",77,"Not Sequel",2588995.87345254,100970839.064649,"Horror"
"10",9,"Biosphere",2023,"Summer",107,80214166666.6667,9.6257e+10,"Comedy","R",79,"Not Sequel",82583472541.2975,99100167049.5569,"Comedy"
"11",10,"Captain America: The First Avenger",2011,"Summer",124,248350000,370600000,"Action","PG-13",80,"Not Sequel",346409048.465985,516928501.556247,"Action"
"12",11,"Hacksaw Ridge
",2016,"Fall",139,4e+07,180500000,"War","R",84,"Not Sequel",52283333.3333333,235928541.666667,"Other"
"13",12,"A Cinderella Story",2004,"Summer",95,1.9e+07,70100000,"Comedy","PG",11,"Not Sequel",31552673.3721546,116412758.073055,"Comedy"
"14",13,"The Reluctant Fundamentalist",2013,"Spring",130,1.5e+07,2100000,"Thriller","R",57,"Not Sequel",20195278.9699571,2827339.05579399,"Thriller"
"15",14,"Bridget Jones's Baby",2016,"Summer",123,3.5e+07,2.12e+08,"Comedy","R",77,"Sequel",45747916.6666667,277101666.666667,"Comedy"
"16",15,"The Perfect Score",2004,"Winter",93,9083333.33333333,10900000,"Comedy","PG-13",17,"Not Sequel",15084392.0945827,18101270.5134992,"Comedy"
"17",16,"Finding Bliss",2010,"Spring",96,1200000,1440000,"Comedy","R",0,"Not Sequel",1725997.24896836,2071196.69876204,"Comedy"
"18",17,"Mr. Holmes
",2015,"Summer",104,1e+07,29400000,"Mystery","PG",89,"Not Sequel",13236286.9198312,38914683.5443038,"Other"
"19",18,"Warm Bodies",2013,"Winter",98,3.5e+07,1.17e+08,"Comedy","PG-13",81,"Not Sequel",47122317.5965665,157523175.965665,"Comedy"
"20",19,"A Home at the End of the World",2004,"Summer",96,6500000,1500000,"Drama","R",50,"Not Sequel",10794335.627316,2491000.52938062,"Drama"
"21",20,"Looking Glass",2018,"Winter",103,6.399e+13,7.6788e+13,"Thriller","R",29,"Not Sequel",79942903225806.5,95931483870967.8,"Thriller"
"22",21,"Now You See Me 2",2016,"Spring",129,1.5e+08,334900000,"Action","PG-13",33,"Sequel",196062500,437742208.333333,"Action"
"23",22,"The Longest Yard",2005,"Spring",113,8.2e+07,191500000,"Comedy","PG-13",26,"Sequel",131712237.583205,307596262.160778,"Comedy"
"24",23,"Amsterdam",2022,"Fall",134,8e+07,31200000,"Mystery","R",33,"Not Sequel",85739665.1861975,33438469.422617,"Other"
"25",24,"Mank",2020,"Fall",131,2.5e+07,1.22572e+11,"Biography","R",83,"Not Sequel",30303323.0293663,148573556414.219,"Biography"
"26",25,"The Master of Disguise",2002,"Summer",80,1.6e+07,43400000,"Comedy","PG",1,"Not Sequel",27899944.4135631,75678599.2217899,"Comedy"
"27",26,"The Hangover Part III",2013,"Spring",100,1.03e+08,3.62e+08,"Comedy","R",20,"Sequel",138674248.927039,487379399.141631,"Comedy"
"28",27,"Gone",2012,"Winter",95,15083333.3333333,18100000,"Thriller","PG-13",15,"Not Sequel",20608195.4123113,24729834.4947735,"Thriller"
"29",28,"Godzilla x Kong: The New Empire",2024,"Winter",115,2.1e+08,572500000,"Action","PG-13",54,"Sequel",2.1e+08,572500000,"Action"
"30",29,"In the Name of the King",2008,"Winter",127,6e+07,13100000,"Fantasy","PG-13",4,"Not Sequel",87422201.5791918,19087180.6781235,"Fantasy"
"31",30,"War",2007,"Summer",103,2.5e+07,40700000,"Action","R",30,"Not Sequel",37831644.9589966,61589917.9932465,"Action"
"32",31,"Confessions of a Teenage Drama Queen",2004,"Winter",85,1.5e+07,33300000,"Comedy","PG",14,"Not Sequel",24910005.2938062,55300211.7522499,"Comedy"
"33",32,"Palm Springs",2020,"Summer",90,5e+06,1500000,"Comedy","R",94,"Not Sequel",6060664.60587326,1818199.38176198,"Comedy"
"34",33,"Table 19
",2017,"Winter",87,5e+06,5e+06,"Comedy","PG-13",31,"Not Sequel",6399428.80456956,6399428.80456956,"Comedy"
"35",34,"The Whole Ten Yards",2004,"Spring",99,4e+07,26200000,"Comedy","PG-13",4,"Sequel",66426680.7834833,43509475.9131816,"Comedy"
"36",35,"Friday the 13th",2009,"Winter",97,1.9e+07,92700000,"Horror","R",25,"Sequel",27786946.3869464,135571048.951049,"Horror"
"37",36,"Sorority Boys",2002,"Winter",93,1.2e+07,12500000,"Comedy","R",46,"Not Sequel",20924958.3101723,21796831.5730962,"Comedy"
"38",37,"The Brown Bunny",2004,"Summer",119,1e+07,6.30427e+11,"Drama","NC-17",33,"Not Sequel",16606670.1958708,1046929327157.23,"Drama"
"39",38,"Trick 'r Treat",2009,"Fall",82,1.2e+07,2.7909e+10,"Horror","R",85,"Not Sequel",17549650.3496503,40816099300.6993,"Horror"
"40",39,"The Water Diviner
",2015,"Spring",111,22500000,38200000,"Drama","R",63,"Not Sequel",29781645.5696203,50562616.0337553,"Drama"
"41",40,"Maps to the Stars
",2015,"Winter",112,1.3e+07,4500000,"Drama","R",62,"Not Sequel",17207172.9957806,5956329.11392405,"Drama"
"42",41,"Transformers: The Last Knight",2017,"Spring",149,3.47e+08,605400000,"Action","PG-13",15,"Sequel",444120359.037128,774842839.657283,"Action"
"43",42,"Tolkien",2019,"Spring",112,2e+07,9e+06,"Biography","PG-13",52,"Not Sequel",24536566.2886195,11041454.8298788,"Biography"
"44",43,"Daddy Day Camp",2007,"Summer",89,6e+06,18200000,"Comedy","PG",1,"Sequel",9079594.79015919,27541437.5301495,"Comedy"
"45",44,"New York Minute",2004,"Spring",91,3e+07,21300000,"Comedy","PG",11,"Not Sequel",49820010.5876125,35372207.5172049,"Comedy"
"46",45,"Your Lucky Day",2023,"Fall",89,15193333333.3333,1.8232e+10,"Thriller","R",64,"Not Sequel",15642102614.5936,18770523137.5123,"Thriller"
"47",46,"Ella Enchanted",2004,"Spring",92,3.1e+07,27400000,"Fantasy","PG",50,"Not Sequel",51480677.6071996,45502276.3366861,"Fantasy"
"48",47,"The Book of Henry",2017,"Spring",105,1e+07,4600000,"Drama","PG-13",21,"Not Sequel",12798857.6091391,5887474.500204,"Drama"
"49",48,"Tangled",2010,"Fall",100,2.6e+08,592500000,"Animation","PG",89,"Not Sequel",373966070.609812,852211141.678129,"Animation"
"50",49,"Immaculate",2024,"Winter",89,9e+06,3.5e+07,"Horror","R",70,"Not Sequel",9e+06,3.5e+07,"Horror"
"51",50,"Kingdom of the Planet of the Apes",2024,"Spring",145,2e+08,397300000,"Sci-Fi","PG-13",80,"Sequel",2e+08,397300000,"Sci-Fi"
"52",51,"Meet the Parents",2000,"Fall",108,5.5e+07,330400000,"Comedy","PG-13",84,"Not Sequel",100194541.231127,601895934.95935,"Comedy"
"53",52,"Dear White People",2014,"Fall",108,1300000,5400000,"Comedy","R",92,"Not Sequel",1722898.18335446,7156653.99239544,"Comedy"
"54",53,"Daredevil",2003,"Winter",103,7.8e+07,179200000,"Action","PG-13",43,"Not Sequel",132981521.73913,305516521.73913,"Action"
"55",54,"Holes",2003,"Spring",117,2e+07,71400000,"Adventure","PG",78,"Not Sequel",34097826.0869565,121729239.130435,"Other"
"56",55,"Shang-Chi and the Legend of the Ten Rings
",2021,"Winter",132,2.5e+08,432200000,"Action","PG-13",92,"Not Sequel",289391143.911439,500299409.594096,"Action"
"57",56,"Street Fighter: The Legend of Chun-Li",2009,"Winter",96,5e+07,12800000,"Action","PG-13",6,"Sequel",73123543.1235431,18719627.039627,"Action"
"58",57,"The Seagull",2018,"Spring",98,1250000,1500000,"Drama","PG-13",66,"Not Sequel",1561628.83313421,1873954.59976105,"Drama"
"59",58,"Anchorman 2: The Legend Continues",2013,"Fall",118,5e+07,173600000,"Comedy","PG-13",74,"Sequel",67317596.5665236,233726695.27897,"Comedy"
"60",59,"Gone Baby Gone",2007,"Fall",114,1.9e+07,34600000,"Mystery","R",94,"Not Sequel",28752050.1688374,52358996.6232513,"Other"
"61",60,"Storks",2016,"Summer",87,7e+07,183400000,"Animation","PG",66,"Not Sequel",91495833.3333333,239719083.333333,"Animation"
"62",61,"Together Together",2021,"Summer",90,1200000,1400000,"Comedy","R",89,"Not Sequel",1389077.49077491,1620590.40590406,"Comedy"
"63",62,"Mary Poppins Returns",2018,"Fall",131,1.3e+08,349500000,"Fantasy","PG",80,"Sequel",162409398.645958,436631421.744325,"Fantasy"
"64",63,"Birthday Girl",2002,"Winter",93,1.3e+07,16200000,"Comedy","R",52,"Not Sequel",22668704.83602,28248693.7187326,"Comedy"
"65",64,"MVP: Most Valuable Primate",2000,"Fall",93,1e+06,1200000,"Comedy","PG",13,"Not Sequel",1821718.93147503,2186062.71777003,"Comedy"
"66",65,"Confidence",2003,"Spring",97,1.5e+07,2.3e+07,"Crime","R",70,"Not Sequel",25573369.5652174,39212500,"Crime"
"67",66,"Good Luck Chuck",2007,"Summer",99,2.5e+07,59800000,"Comedy","PG-13",5,"Not Sequel",37831644.9589966,90493294.7419199,"Comedy"
"68",67,"Brother Bear",2003,"Fall",85,4.6e+07,250400000,"Animation","G",37,"Not Sequel",78425000,426904782.608696,"Animation"
"69",68,"You're Next",2013,"Summer",94,1e+06,26900000,"Horror","R",76,"Not Sequel",1346351.93133047,36216866.9527897,"Horror"
"70",69,"Crossing Over",2009,"Winter",113,2916666.66666667,3500000,"Drama","PG-13",16,"Not Sequel",4265540.01554002,5118648.01864802,"Drama"
"71",70,"No One Lives",2013,"Spring",86,5e+06,1.048704e+12,"Horror","R",48,"Not Sequel",6731759.65665236,1411924655793.99,"Horror"
"72",71,"Mary Queen of Scots",2018,"Fall",125,2.5e+07,4.7e+07,"Biography","R",63,"Not Sequel",31232576.6626842,58717244.1258463,"Biography"
"73",72,"College",2008,"Summer",94,7e+06,6200000,"Comedy","R",5,"Not Sequel",10199256.8509057,9033627.49651649,"Comedy"
"74",73,"Mechanic: Resurrection",2016,"Summer",98,4e+07,125800000,"Action","R",32,"Sequel",52283333.3333333,164431083.333333,"Action"
"75",74,"The Bank Job",2008,"Winter",112,2e+07,66100000,"Crime","R",79,"Not Sequel",29140733.8597306,96310125.4064096,"Crime"
"76",75,"Sound of Freedom",2023,"Summer",131,14500000,2.51e+08,"Action","PG-13",57,"Not Sequel",14928290.1214309,258413849.688218,"Action"
"77",76,"The Darkest Minds",2018,"Summer",105,3.4e+07,41100000,"Sci-Fi","PG-13",17,"Not Sequel",42476304.2612505,51346356.0334528,"Sci-Fi"
"78",77,"The Souvenir",2019,"Spring",119,1666666.66666667,2e+06,"Drama","R",88,"Not Sequel",2044713.85738496,2453656.62886195,"Drama"
"79",78,"Loving Jezebel",2000,"Fall",87,60158333333.3333,7.219e+10,"Comedy","R",40,"Not Sequel",109591574719.319,131509889663.182,"Comedy"
"80",79,"The Blackening",2023,"Spring",97,5e+06,18600000,"Horror","PG-13",80,"Not Sequel",5147686.24876928,19149392.8454217,"Horror"
"81",80,"Tiger Eyes",2013,"Spring",92,22633333333.3333,2.716e+10,"Drama","PG-13",77,"Not Sequel",30472432045.7797,36566918454.9356,"Drama"
"82",81,"The Empty Man",2020,"Fall",137,1.6e+07,4800000,"Horror","R",75,"Not Sequel",19394126.7387944,5818238.02163833,"Horror"
"83",82,"Supercross",2005,"Summer",80,3e+07,3.344431e+12,"Action","PG-13",5,"Not Sequel",48187403.9938556,5371981590885.82,"Action"
"84",83,"To Rome with Love",2012,"Spring",112,1.7e+07,73200000,"Comedy","R",44,"Not Sequel",23226916.3763066,100012369.337979,"Comedy"
"85",84,"Deepwater Horizon",2016,"Summer",107,1.56e+08,121800000,"Thriller","PG-13",83,"Not Sequel",203905000,159202750,"Thriller"
"86",85,"The Twilight Saga: Eclipse",2010,"Spring",123,6.8e+07,7.39e+08,"Fantasy","PG-13",47,"Sequel",97806510.7748739,1062926639.15635,"Fantasy"
"87",86,"Tears of the Sun",2003,"Winter",121,100500000,86500000,"War","R",33,"Not Sequel",171341576.086957,147473097.826087,"Other"
"88",87,"Winchester",2018,"Winter",99,3500000,4.4e+07,"Horror","PG-13",14,"Not Sequel",4372560.73277579,54969334.9263242,"Horror"
"89",88,"Ramona and Beezus",2010,"Summer",103,1.5e+07,27300000,"Comedy","G",70,"Not Sequel",21574965.6121045,39266437.4140303,"Comedy"
"90",89,"Lowriders",2017,"Spring",99,5e+06,6300000,"Drama","PG-13",58,"Not Sequel",6399428.80456956,8063280.29375765,"Drama"
"91",90,"Paws of Fury: The Legend of Hank",2022,"Summer",98,4.5e+07,42500000,"Animation","PG",53,"Not Sequel",48228561.6672361,45549197.1301674,"Animation"
"92",91,"Five Nights at Freddy's",2023,"Fall",109,2e+07,291600000,"Horror","PG-13",32,"Not Sequel",20590744.9950771,300213062.028224,"Horror"
"93",92,"The Other Man",2009,"Summer",84,1750000,2100000,"Drama","R",18,"Not Sequel",2559324.00932401,3071188.81118881,"Drama"
"94",93,"Sex and the City",2008,"Spring",145,6.5e+07,418800000,"Romance","R",49,"Not Sequel",94707385.0441245,610206967.022759,"Romance"
"95",94,"Beautiful Disaster",2023,"Spring",95,5750000,6900000,"Romance","PG-13",25,"Not Sequel",5919839.18608467,7103807.02330161,"Romance"
"96",95,"About Last Night",2014,"Winter",100,1.3e+07,50500000,"Comedy","R",13,"Sequel",17228981.8335446,66927967.8918462,"Comedy"
"97",96,"The Disappointments Room",2016,"Summer",85,1.5e+07,5700000,"Thriller","R",0,"Not Sequel",19606250,7450375,"Thriller"
"98",97,"Cry Macho",2021,"Fall",104,3.3e+07,16500000,"Drama","PG-13",59,"Not Sequel",38199630.99631,19099815.498155,"Drama"
"99",98,"Breaking",2022,"Summer",103,2333333.33333333,2800000,"Drama","R",80,"Not Sequel",2500740.23459743,3000888.28151691,"Drama"
"100",99,"The Suicide Squad",2021,"Fall",132,1.85e+08,168700000,"Action","R",90,"Sequel",214149446.494465,195281143.911439,"Action"
"101",100,"The Front Runner",2018,"Fall",114,2.5e+07,3200000,"Drama","R",60,"Not Sequel",31232576.6626842,3997769.81282358,"Drama"
"102",101,"Case 39",2010,"Fall",109,2.6e+07,28200000,"Horror","R",30,"Not Sequel",37396607.0609812,40560935.3507565,"Horror"
"103",102,"The Cave",2005,"Summer",97,2.5e+07,33300000,"Horror","PG-13",13,"Not Sequel",40156169.9948797,53488018.4331797,"Horror"
"104",103,"Shazam!",2019,"Spring",132,1.4e+08,367800000,"Action","PG-13",90,"Not Sequel",171755964.020336,451227454.047712,"Action"
"105",104,"Keeping the Faith",2000,"Spring",128,2.9e+07,59900000,"Comedy","PG-13",69,"Not Sequel",52829849.0127758,109120963.995354,"Comedy"
"106",105,"The Pale Blue Eye",2022,"Fall",130,7.2e+07,86400000,"Mystery","R",64,"Not Sequel",77165698.6675777,92598838.4010933,"Other"
"107",106,"John Carter",2012,"Winter",132,306600000,284100000,"Action","PG-13",52,"Not Sequel",418904268.292683,388162761.324042,"Action"
"108",107,"Ice Age: Dawn of the Dinosaurs",2009,"Summer",94,9e+07,886700000,"Animation","PG",45,"Sequel",131622377.622378,1296772913.75291,"Animation"
"109",108,"Dune: Part Two",2024,"Winter",166,1.9e+08,715400000,"Sci-Fi","PG-13",92,"Sequel",1.9e+08,715400000,"Sci-Fi"
"110",109,"The Dukes of Hazzard",2005,"Summer",104,5.3e+07,109800000,"Action","PG-13",14,"Sequel",85131080.3891449,176365898.617512,"Action"
"111",110,"The Snowman",2017,"Fall",119,3.5e+07,43100000,"Thriller","R",29,"Not Sequel",44796001.6319869,55163076.2953896,"Thriller"
"112",111,"Witless Protection",2008,"Winter",99,7500000,4200000,"Comedy","PG-13",0,"Not Sequel",10927775.197399,6119554.11054343,"Comedy"
"113",112,"Fantastic Beasts: The Secrets of Dumbledore",2022,"Spring",142,2e+08,407200000,"Fantasy","PG-13",46,"Sequel",214349162.965494,436414895.797745,"Fantasy"
"114",113,"The Longshots",2008,"Summer",95,2.3e+07,11800000,"Drama","PG",40,"Not Sequel",33511843.9386902,17193032.9772411,"Drama"
"115",114,"The Incredible Hulk",2008,"Spring",112,212500000,265600000,"Action","PG-13",67,"Not Sequel",309620297.259638,386988945.657222,"Action"
"116",115,"Children of the Corn",2023,"Winter",93,479315833333.333,5.75179e+11,"Horror","R",11,"Sequel",493473504813.478,592168205776.173,"Horror"
"117",116,"Risen",2016,"Winter",107,2e+07,46400000,"Drama","PG-13",52,"Not Sequel",26141666.6666667,60648666.6666667,"Drama"
"118",117,"Trauma Center",2019,"Fall",87,77473333333.3333,9.2968e+10,"Action","R",0,"Not Sequel",95046478946.6823,114055774736.019,"Action"
"119",118,"Robot & Frank",2012,"Summer",89,2500000,4900000,"Sci-Fi","PG-13",86,"Not Sequel",3415722.99651568,6694817.07317073,"Sci-Fi"
"120",119,"Fantastic Mr. Fox",2009,"Fall",87,4e+07,58100000,"Animation","PG",93,"Not Sequel",58498834.4988345,84969557.1095571,"Animation"
"121",120,"The Wedding Planner",2001,"Winter",104,45500000,94700000,"Comedy","PG-13",17,"Not Sequel",80594861.660079,167743591.191417,"Comedy"
"122",121,"Mrs Henderson Presents",2005,"Fall",103,2e+07,27800000,"Comedy","R",75,"Not Sequel",32124935.9959037,44653661.0343062,"Comedy"
"123",122,"Joshua",2007,"Summer",106,599973333333.333,7.19968e+11,"Horror","R",61,"Not Sequel",907919125261.296,1089502950313.56,"Horror"
"124",123,"North Country",2005,"Fall",126,3.5e+07,25200000,"Drama","R",69,"Not Sequel",56218637.9928315,40477419.3548387,"Drama"
"125",124,"The Current War",2019,"Fall",107,3e+07,12900000,"Biography","PG-13",32,"Not Sequel",36804849.4329292,15826085.2561596,"Biography"
"126",125,"I, Robot",2004,"Summer",115,1.65e+08,353100000,"Sci-Fi","PG-13",56,"Not Sequel",274010058.231869,586381524.616199,"Sci-Fi"
"127",126,"Max Payne",2008,"Fall",100,3.5e+07,85800000,"Action","PG-13",16,"Not Sequel",50996284.2545286,125013748.258244,"Action"
"128",127,"The Pacifier",2005,"Winter",95,5.6e+07,198600000,"Comedy","PG",21,"Not Sequel",89949820.7885305,319000614.439324,"Comedy"
"129",128,"Never Back Down",2008,"Winter",115,2e+07,41600000,"Action","PG-13",22,"Not Sequel",29140733.8597306,60612726.4282397,"Action"
"130",129,"Despicable Me 4",2024,"Summer",94,9.7e+07,9.72e+08,"Animation","PG",56,"Sequel",9.7e+07,9.72e+08,"Animation"
"131",130,"Moonrise Kingdom",2012,"Spring",94,1.6e+07,68800000,"Adventure","PG-13",93,"Not Sequel",21860627.1777003,94000696.8641115,"Other"
"132",131,"Proof of Life",2000,"Fall",135,6.5e+07,62800000,"Thriller","PG-13",39,"Not Sequel",118411730.545877,114403948.896632,"Thriller"
"133",132,"The Last Song",2010,"Winter",107,2e+07,8.9e+07,"Drama","PG",21,"Not Sequel",28766620.8161394,128011462.63182,"Drama"
"134",133,"Judy",2019,"Summer",118,1e+07,4.6e+07,"Biography","PG-13",80,"Not Sequel",12268283.1443097,56434102.4638248,"Biography"
"135",134,"The Eyes of Tammy Faye",2021,"Fall",126,3166666.66666667,3800000,"Biography","PG-13",68,"Not Sequel",3665621.15621156,4398745.38745387,"Biography"
"136",135,"Enchanted",2007,"Fall",107,8.5e+07,340500000,"Fantasy","PG",93,"Not Sequel",128627592.860589,515267004.341534,"Fantasy"
"137",136,"The Canyons",2013,"Summer",99,2.5e+11,2.6567e+11,"Drama","R",25,"Not Sequel",336587982832.618,357685317596.567,"Drama"
"138",137,"The Interpreter",2005,"Spring",128,8e+07,162900000,"Thriller","PG-13",56,"Not Sequel",128499743.983615,261657603.686636,"Thriller"
"139",138,"The Conjuring",2013,"Summer",112,2e+07,319500000,"Horror","R",86,"Not Sequel",26927038.6266094,430159442.060086,"Horror"
"140",139,"Nacho Libre",2006,"Spring",92,3.5e+07,9.9e+07,"Comedy","PG",40,"Not Sequel",54461805.5555556,154049107.142857,"Comedy"
"141",140,"Four Good Days",2021,"Summer",100,720075833333.333,8.64091e+11,"Drama","R",53,"Not Sequel",833534276445.264,1000241131734.32,"Drama"
"142",141,"Bruce Almighty",2003,"Spring",101,8.1e+07,484600000,"Comedy","PG-13",48,"Not Sequel",138096195.652174,826190326.086957,"Comedy"
"143",142,"Knights of the Zodiac",2023,"Spring",112,6e+07,7e+06,"Fantasy","PG-13",21,"Not Sequel",61772234.9852314,7206760.74827699,"Fantasy"
"144",143,"Dr. Seuss' The Lorax",2012,"Winter",86,7e+07,351400000,"Animation","PG",54,"Not Sequel",95640243.902439,480114024.390244,"Animation"
"145",144,"The Illusionist",2006,"Summer",110,16500000,87800000,"Mystery","PG-13",74,"Not Sequel",25674851.1904762,136621329.365079,"Other"
"146",145,"Drag Me to Hell",2009,"Spring",99,3e+07,90800000,"Horror","PG-13",92,"Not Sequel",43874125.8741259,132792354.312354,"Horror"
"147",146,"The Tigger Movie",2000,"Winter",77,3e+07,96200000,"Animation","G",76,"Not Sequel",54651567.9442509,175249361.207898,"Animation"
"148",147,"Nicholas Nickleby",2002,"Fall",132,1e+07,3700000,"Drama","PG",78,"Not Sequel",17437465.2584769,6451862.14563646,"Drama"
"149",148,"Bulletproof Monk",2003,"Spring",104,5.2e+07,37700000,"Action","PG-13",23,"Not Sequel",88654347.826087,64274402.173913,"Action"
"150",149,"Hobo with a Shotgun",2011,"Spring",86,3e+06,8.34953e+11,"Action","R",65,"Not Sequel",4184526.45620276,1164627639395.29,"Action"
"151",150,"Open Water",2004,"Summer",79,5e+11,55500000,"Thriller","R",71,"Not Sequel",830333509793.542,92167019.5870831,"Thriller"
"152",151,"American Fiction",2023,"Fall",117,1e+07,2.3e+07,"Comedy","R",94,"Not Sequel",10295372.4975386,23679356.7443387,"Comedy"
"153",152,"Silent House",2012,"Winter",87,2e+06,13100000,"Horror","R",13,"Not Sequel",2732578.39721254,17898388.5017422,"Horror"
"154",153,"Marmaduke",2022,"Spring",88,1250000,1500000,"Animation","PG",0,"Sequel",1339682.26853434,1607618.7222412,"Animation"
"155",154,"Surveillance",2009,"Spring",97,916666.666666667,1100000,"Mystery","R",65,"Not Sequel",1340598.29059829,1608717.94871795,"Other"
"156",155,"The Children Act",2018,"Summer",105,14750000,17700000,"Drama","PG-13",84,"Not Sequel",18427220.2309837,22112664.2771804,"Drama"
"157",156,"Someone Like You",2001,"Winter",97,2.3e+07,38600000,"Comedy","PG-13",23,"Not Sequel",40740259.7402597,68372783.7380011,"Comedy"
"158",157,"Fat Albert",2004,"Fall",93,4.5e+07,48600000,"Comedy","PG",23,"Not Sequel",74730015.8814187,80708417.1519322,"Comedy"
"159",158,"Celeste and Jesse Forever",2012,"Summer",92,8.4e+11,3600000,"Comedy","R",81,"Not Sequel",1147682926829.27,4918641.11498258,"Comedy"
"160",159,"Hellboy II: The Golden Army",2008,"Summer",120,1.25e+08,168300000,"Action","PG-13",86,"Sequel",182129586.623316,245219275.429633,"Action"
"161",160,"Maid in Manhattan",2002,"Fall",105,5.5e+07,154900000,"Comedy","PG-13",30,"Not Sequel",95906058.9216231,270106336.853808,"Comedy"
"162",161,"Price of Glory",2000,"Winter",118,1.8e+07,3500000,"Drama","PG-13",22,"Not Sequel",32790940.7665505,6376016.2601626,"Drama"
"163",162,"Woman Walks Ahead",2018,"Spring",102,5e+06,9.70556e+11,"Biography","R",52,"Not Sequel",6246515.33253684,1212518587017.12,"Biography"
"164",163,"The Beach Bum",2019,"Winter",95,5e+06,4600000,"Comedy","R",56,"Not Sequel",6134141.57215487,5643410.24638248,"Comedy"
"165",164,"Elysium",2013,"Summer",109,1.15e+08,286100000,"Sci-Fi","R",65,"Not Sequel",154830472.103004,385191287.553648,"Sci-Fi"
"166",165,"The Seeker",2007,"Fall",99,4.5e+07,31800000,"Fantasy","PG",15,"Not Sequel",68096960.9261939,48121852.3878437,"Fantasy"
"167",166,"Coming 2 America",2021,"Spring",110,6e+07,7.2e+07,"Comedy","PG-13",49,"Sequel",69453874.5387454,83344649.4464945,"Comedy"
"168",167,"Brüno",2009,"Summer",82,4.2e+07,138800000,"Comedy","R",69,"Not Sequel",61423776.2237762,202990955.710956,"Comedy"
"169",168,"The Muppets",2011,"Fall",103,4.5e+07,171800000,"Musical","PG",95,"Not Sequel",62767896.8430414,239633881.725211,"Other"
"170",169,"Shorts: The Adventures of the Wishing Rock",2009,"Summer",89,2e+07,2.9e+07,"Adventure","PG",44,"Not Sequel",29249417.2494172,42411655.011655,"Other"
"171",170,"Rugrats Go Wild",2003,"Spring",80,2.5e+07,55400000,"Animation","PG",40,"Sequel",42622282.6086956,94450978.2608696,"Animation"
"172",171,"Edge of Darkness",2010,"Winter",117,8e+07,81100000,"Action","R",55,"Not Sequel",115066483.264558,116648647.409445,"Action"
"173",172,"The Amazing Spider-Man",2012,"Summer",136,3.15e+08,758700000,"Action","PG-13",72,"Not Sequel",430381097.560976,1036603614.98258,"Action"
"174",173,"Wonder Woman 1984",2020,"Fall",151,2e+08,169600000,"Action","PG-13",58,"Sequel",242426584.23493,205577743.431221,"Action"
"175",174,"Life
",2017,"Winter",104,5.8e+07,100500000,"Sci-Fi","R",48,"Not Sequel",74233374.1330069,128628518.971848,"Sci-Fi"
"176",175,"Dr. Dolittle 2",2001,"Spring",87,7e+07,176100000,"Comedy","PG",42,"Sequel",123992094.86166,311928684.359119,"Comedy"
"177",176,"Elektra",2005,"Winter",97,75500000,5.7e+07,"Action","PG-13",11,"Not Sequel",121271633.384537,91556067.5883256,"Action"
"178",177,"Gone Girl",2014,"Fall",149,6.1e+07,370900000,"Thriller","R",87,"Not Sequel",80843683.9881707,491556104.773975,"Thriller"
"179",178,"Panic",2000,"Fall",88,649280833333.333,7.79137e+11,"Drama","R",84,"Not Sequel",1182807185927.22,1419368623112.66,"Drama"
"180",179,"Larry the Cable Guy: Health Inspector",2006,"Winter",89,1.7e+07,15600000,"Comedy","PG-13",4,"Not Sequel",26452876.984127,24274404.7619048,"Comedy"
"181",180,"2012 ",2009,"Fall",158,2e+08,791200000,"Action","PG-13",39,"Not Sequel",292494172.494173,1157106946.38695,"Action"
"182",181,"Breaking In",2018,"Spring",88,1.2e+07,51400000,"Thriller","PG-13",64,"Not Sequel",14991636.7980884,64214177.6184787,"Thriller"
"183",182,"The Darjeeling Limited",2007,"Summer",91,17500000,35100000,"Adventure","R",70,"Not Sequel",26482151.4712976,53115629.5224313,"Other"
"184",183,"Definitely, Maybe",2008,"Winter",111,2.4e+07,55600000,"Comedy","PG-13",71,"Not Sequel",34968880.6316767,81011240.1300511,"Comedy"
"185",184,"Oldboy
",2005,"Winter",120,3e+06,17600000,"Action","R",71,"Not Sequel",4818740.39938556,28269943.6763953,"Action"
"186",185,"You Will Meet a Tall Dark Stranger",2010,"Summer",100,2.2e+07,3.6e+07,"Comedy","R",45,"Not Sequel",31643282.8977533,51779917.4690509,"Comedy"
"187",186,"Stolen",2012,"Summer",96,3.5e+07,1.8e+07,"Action","R",18,"Not Sequel",47820121.9512195,24593205.5749129,"Action"
"188",187,"All Fun and Games",2023,"Summer",76,1166666.66666667,1400000,"Horror","R",25,"Not Sequel",1201126.7913795,1441352.1496554,"Horror"
"189",188,"Empire of Light",2022,"Fall",115,9500000,11400000,"Drama","R",45,"Not Sequel",10181585.240861,12217902.2890331,"Drama"
"190",189,"Rogue One: A Star Wars Story",2016,"Fall",134,340100000,1.059e+09,"Sci-Fi","PG-13",84,"Not Sequel",444539041.666667,1384201250,"Sci-Fi"
"191",190,"The Promise",2017,"Spring",134,9e+07,12400000,"Drama","PG-13",51,"Not Sequel",115189718.482252,15870583.4353325,"Drama"
"192",191,"Reservation Road",2007,"Fall",98,1500000,1800000,"Drama","R",38,"Not Sequel",2269898.6975398,2723878.43704776,"Drama"
"193",192,"Lay the Favorite",2012,"Fall",94,14700000,1500000,"Comedy","R",18,"Not Sequel",20084451.2195122,2049433.79790941,"Comedy"
"194",193,"Sleeping with Other People
",2015,"Summer",101,3e+06,3200000,"Comedy","R",74,"Not Sequel",3970886.07594937,4235611.81434599,"Comedy"
"195",194,"It Chapter Two",2019,"Summer",169,7.9e+07,473100000,"Horror","R",62,"Sequel",96919436.8400469,580412475.557294,"Horror"
"196",195,"Terror on the Prairie",2022,"Spring",107,2e+06,1.3115e+10,"Western","R",30,"Not Sequel",2143491.62965494,14055946361.4622,"Other"
"197",196,"Dance Flick",2009,"Spring",83,2.5e+07,3.2e+07,"Comedy","PG-13",14,"Not Sequel",36561771.5617716,46799067.5990676,"Comedy"
"198",197,"Alvin and the Chipmunks: The Squeakquel",2009,"Fall",88,7e+07,443100000,"Animation","PG",20,"Sequel",102372960.37296,648020839.160839,"Animation"
"199",198,"Infamous",2006,"Fall",118,1.3e+07,2600000,"Biography","R",73,"Not Sequel",20228670.6349206,4045734.12698413,"Biography"
"200",199,"Mission: Impossible 2",2000,"Spring",124,182500000,546400000,"Action","PG-13",57,"Sequel",332463704.994193,995387224.157956,"Action"
"201",200,"Life or Something Like It",2002,"Spring",103,4e+07,16900000,"Comedy","PG-13",28,"Not Sequel",69749861.0339077,29469316.286826,"Comedy"
"202",201,"The Wolfman",2010,"Winter",103,1.5e+08,142600000,"Horror","R",34,"Not Sequel",215749656.121045,205106006.419074,"Horror"
"203",202,"Lincoln
",2012,"Fall",150,6.5e+07,275300000,"Biography","PG-13",89,"Not Sequel",88808797.9094077,376139416.376307,"Biography"
"204",203,"Spider-Man 3",2007,"Spring",139,2.58e+08,895900000,"Action","PG-13",63,"Sequel",390422575.976845,1355734828.7506,"Action"
"205",204,"Life Itself",2018,"Summer",117,1e+07,8e+06,"Drama","R",13,"Not Sequel",12493030.6650737,9994424.53205894,"Drama"
"206",205,"America: Imagine the World Without Her",2014,"Spring",103,5e+06,14400000,"Documentary","PG-13",19,"Not Sequel",6626531.47444022,19084410.6463878,"Other"
"207",206,"21 Jump Street",2012,"Winter",109,69350000,2.01e+08,"Action","R",85,"Not Sequel",94752155.923345,274624128.919861,"Action"
"208",207,"Eternals
",2021,"Winter",156,236200000,402100000,"Action","PG-13",47,"Not Sequel",273416752.767528,465456715.867159,"Action"
"209",208,"The Invasion",2007,"Summer",99,1.05e+08,40200000,"Sci-Fi","PG-13",19,"Not Sequel",158892908.827786,60833285.0940666,"Sci-Fi"
"210",209,"Who Is Cletis Tout?",2002,"Summer",92,9e+06,2.52706e+11,"Comedy","R",38,"Not Sequel",15693718.7326292,440655209560.867,"Comedy"
"211",210,"A Rainy Day in New York",2020,"Fall",92,2.5e+07,23800000,"Comedy","PG-13",48,"Not Sequel",30303323.0293663,28848763.5239567,"Comedy"
"212",211,"Cobweb",2023,"Summer",88,7083333.33333333,8500000,"Horror","R",61,"Not Sequel",7292555.51908982,8751066.62290778,"Horror"
"213",212,"Texas Chainsaw 3D",2013,"Winter",92,2e+07,47300000,"Horror","R",19,"Sequel",26927038.6266094,63682446.3519313,"Horror"
"214",213,"Fatman",2020,"Fall",100,2e+07,1700000,"Action","R",45,"Not Sequel",24242658.423493,2060625.96599691,"Action"
"215",214,"No Time to Die
",2021,"Winter",163,400500000,774200000,"Action","PG-13",83,"Sequel",463604612.546125,896186494.464945,"Action"
"216",215,"Avengers: Age of Ultron",2015,"Spring",141,691600000,1.405e+09,"Action","PG-13",76,"Sequel",915421603.375527,1859698312.23629,"Action"
"217",216,"We Need to Talk About Kevin",2011,"Fall",112,7e+06,10800000,"Drama","R",76,"Not Sequel",9763895.0644731,15064295.2423299,"Drama"
"218",217,"Beyond Borders",2003,"Fall",127,3.5e+07,11700000,"Drama","R",14,"Not Sequel",59671195.6521739,19947228.2608696,"Drama"
"219",218,"Brooklyn's Finest",2010,"Winter",132,1.7e+07,36400000,"Crime","R",44,"Not Sequel",24451627.6937185,52355249.8853737,"Crime"
"220",219,"Big Fat Liar",2002,"Winter",88,1.5e+07,5.3e+07,"Comedy","PG",45,"Not Sequel",26156197.8877154,92418565.8699277,"Comedy"
"221",220,"The Painted Veil",2006,"Fall",125,19400000,26900000,"Drama","PG-13",70,"Not Sequel",30187400.7936508,41857787.6984127,"Drama"
"222",221,"The Wrath of Becky",2023,"Spring",83,172598333333.333,2.07118e+11,"Action","R",79,"Sequel",177696413412.099,213235696094.519,"Action"
"223",222,"The Legend of Zorro",2005,"Fall",130,7.5e+07,142400000,"Action","PG",43,"Sequel",120468509.984639,228729544.290835,"Action"
"224",223,"Terminator: Dark Fate",2019,"Fall",128,2.83e+08,261100000,"Action","R",70,"Sequel",347192412.983966,320324872.897927,"Action"
"225",224,"Uncharted",2022,"Winter",116,1.2e+08,407100000,"Action","PG-13",40,"Not Sequel",128609497.779296,436307721.216262,"Action"
"226",225,"2 Hearts",2020,"Fall",100,1.5e+07,1300000,"Romance","PG-13",18,"Not Sequel",18181993.8176198,1575772.79752705,"Romance"
"227",226,"Resident Evil: Retribution",2012,"Summer",96,6.5e+07,240200000,"Action","R",28,"Sequel",88808797.9094077,328182665.505226,"Action"
"228",227,"Dashcam",2022,"Spring",76,58820833333.3333,7.0585e+10,"Horror","R",36,"Not Sequel",63040981949.6641,75649178339.5969,"Horror"
"229",228,"The Human Stain",2003,"Fall",106,3e+07,24900000,"Drama","R",44,"Not Sequel",51146739.1304348,42451793.4782609,"Drama"
"230",229,"Her",2013,"Fall",126,2.3e+07,48300000,"Romance","R",94,"Not Sequel",30966094.4206009,65028798.2832618,"Romance"
"231",230,"Yogi Bear",2010,"Fall",80,8e+07,203500000,"Animation","PG",13,"Not Sequel",115066483.264558,292700366.804218,"Animation"
"232",231,"Failure to Launch",2006,"Winter",97,5e+07,130200000,"Comedy","PG-13",24,"Not Sequel",77802579.3650794,202597916.666667,"Comedy"
"233",232,"Kings",2018,"Spring",92,758557500000,9.10269e+11,"Drama","R",13,"Not Sequel",947668210872.162,1137201853046.59,"Drama"
"234",233,"The Loft
",2015,"Winter",103,1.3e+07,1.1e+07,"Thriller","R",15,"Not Sequel",17207172.9957806,14559915.6118143,"Thriller"
"235",234,"The Witch",2016,"Winter",92,4e+06,40400000,"Horror","R",89,"Not Sequel",5228333.33333333,52806166.6666667,"Horror"
"236",235,"The Bad Guys",2022,"Spring",100,1.09e+08,250800000,"Animation","PG",88,"Not Sequel",116820293.816194,268793850.358729,"Animation"
"237",236,"Country Strong",2010,"Fall",117,19500000,20600000,"Drama","PG-13",22,"Not Sequel",28047455.2957359,29629619.4406236,"Drama"
"238",237,"The Patriot",2000,"Spring",165,1.1e+08,215300000,"Action","R",62,"Not Sequel",200389082.462253,392216085.946574,"Action"
"239",238,"Ricky Stanicky",2024,"Winter",114,49700000,59640000,"Comedy","R",44,"Not Sequel",49700000,59640000,"Comedy"
"240",239,"Abduction",2011,"Summer",105,3.5e+07,82100000,"Action","PG-13",5,"Not Sequel",48819475.3223655,114516540.684749,"Action"
"241",240,"Come Play",2020,"Fall",96,9e+06,13200000,"Horror","PG-13",55,"Not Sequel",10909196.2905719,16000154.5595054,"Horror"
"242",241,"Racing Dreams",2010,"Spring",96,5.4235e+10,6.5082e+10,"Documentary","PG",93,"Not Sequel",78007883998.166,93609460797.7992,"Other"
"243",242,"ShowBusiness: The Road to Broadway",2007,"Spring",102,126423333333.333,1.51708e+11,"Documentary","PG",50,"Not Sequel",191312106447.982,229574527737.578,"Other"
"244",243,"The Night Before",2015,"Fall",101,41500000,52400000,"Comedy","R",67,"Not Sequel",54930590.7172996,69358143.4599156,"Comedy"
"245",244,"The Smurfs",2011,"Summer",103,1.1e+08,563700000,"Animation","PG",21,"Not Sequel",153432636.727434,786272521.120498,"Animation"
"246",245,"White Bird",2024,"Fall",121,2e+07,8800000,"Drama","PG-13",73,"Sequel",2e+07,8800000,"Drama"
"247",246,"Lucky You",2007,"Spring",124,5.5e+07,8400000,"Romance","PG-13",28,"Not Sequel",83229618.9097926,12711432.7062229,"Romance"
"248",247,"The Boss Baby
",2017,"Winter",97,1.25e+08,5.28e+08,"Animation","PG",53,"Not Sequel",159985720.114239,675779681.762546,"Animation"
"249",248,"Hot Rod",2007,"Summer",88,2.5e+07,14400000,"Comedy","PG-13",38,"Not Sequel",37831644.9589966,21791027.4963821,"Comedy"
"250",249,"Kit Kittredge: An American Girl",2008,"Spring",101,1e+07,17700000,"Drama","G",80,"Not Sequel",14570366.9298653,25789549.4658616,"Drama"
"251",250,"Stone",2010,"Fall",105,2.2e+07,10300000,"Drama","R",48,"Not Sequel",31643282.8977533,14814809.7203118,"Drama"
"252",251,"Timeline",2003,"Fall",116,8e+07,43900000,"Sci-Fi","PG-13",11,"Not Sequel",136391304.347826,74844728.2608696,"Sci-Fi"
"253",252,"Play the Game",2009,"Winter",105,549569166666.667,6.59483e+11,"Comedy","PG-13",38,"Not Sequel",803728893162.393,964474671794.872,"Comedy"
"254",253,"The Burnt Orange Heresy",2020,"Winter",98,593075833333.333,7.11691e+11,"Thriller","R",67,"Not Sequel",718886742336.425,862664090803.709,"Thriller"
"255",254,"Hidalgo",2004,"Winter",136,1e+08,108100000,"Adventure","PG-13",46,"Not Sequel",166066701.958708,179518104.817364,"Other"
"256",255,"Did You Hear About the Morgans?",2009,"Fall",103,5.8e+07,85300000,"Comedy","PG-13",13,"Not Sequel",84823310.02331,124748764.568765,"Comedy"
"257",256,"Lawless",2012,"Summer",115,2.6e+07,54400000,"Crime","R",78,"Not Sequel",35523519.1637631,74326132.4041812,"Crime"
"258",257,"Saving Christmas
",2014,"Fall",79,5e+11,2800000,"Comedy","PG",0,"Not Sequel",662653147444.022,3710857.62568652,"Comedy"
"259",258,"I Origins",2014,"Summer",106,1e+06,8.52399e+11,"Sci-Fi","R",77,"Not Sequel",1325306.29488804,1129689760456.27,"Sci-Fi"
"260",259,"Rita Moreno: Just a Girl Who Decided to Go for It",2021,"Summer",90,220521666666.667,2.64626e+11,"Documentary","PG-13",98,"Not Sequel",255268069495.695,306321683394.834,"Other"
"261",260,"Bee Season",2005,"Fall",104,1.4e+07,6900000,"Drama","PG-13",44,"Not Sequel",22487455.1971326,11083102.9185868,"Drama"
"262",261,"Three Christs",2020,"Winter",109,3.149e+10,3.7788e+10,"Drama","R",41,"Not Sequel",38170065687.7898,45804078825.3478,"Drama"
"263",262,"Jigsaw",2017,"Fall",92,1e+07,104200000,"Horror","R",33,"Sequel",12798857.6091391,133364096.28723,"Horror"
"264",263,"Rush Hour 3",2007,"Summer",91,2.15e+08,2.58e+08,"Action","PG-13",18,"Sequel",325352146.647371,390422575.976845,"Action"
"265",264,"Marshall",2017,"Fall",118,1.2e+07,10100000,"Drama","PG-13",84,"Not Sequel",15358629.130967,12926846.1852305,"Drama"
"266",265,"Gringo",2018,"Winter",110,9166666.66666667,1.1e+07,"Action","R",60,"Not Sequel",11451944.7763175,13742333.731581,"Action"
"267",266,"Wild West Comedy Show: 30 Days and 30 Nights – Hollywood to the Heartland",2008,"Winter",100,5.03245e+11,6.03894e+11,"Documentary","R",81,"Not Sequel",733246430562.006,879895716674.408,"Other"
"268",267,"Jennifer's Body",2009,"Summer",102,1.6e+07,31600000,"Horror","R",45,"Not Sequel",23399533.7995338,46214079.2540793,"Horror"
"269",268,"Behind the Burly Q",2010,"Spring",98,19907500000,2.3889e+10,"Documentary","R",77,"Not Sequel",28633575194.8647,34360290233.8377,"Other"
"270",269,"12 Rounds",2009,"Winter",109,2e+07,17300000,"Action","PG-13",30,"Not Sequel",29249417.2494172,25300745.9207459,"Action"
"271",270,"Mission: Impossible – Rogue Nation
",2015,"Summer",131,1.5e+08,710900000,"Action","PG-13",94,"Sequel",198544303.797468,940967637.130802,"Action"
"272",271,"Forever My Girl",2018,"Winter",104,3500000,16400000,"Romance","PG",23,"Not Sequel",4372560.73277579,20488570.2907208,"Romance"
"273",272,"Star Trek Beyond",2016,"Summer",122,1.85e+08,343500000,"Sci-Fi","PG-13",86,"Sequel",241810416.666667,448983125,"Sci-Fi"
"274",273,"The Irishman",2019,"Fall",209,2.84e+08,8e+06,"Crime","R",95,"Not Sequel",348419241.298397,9814626.51544779,"Crime"
"275",274,"Arthur",2011,"Spring",110,4e+07,48100000,"Comedy","PG-13",27,"Sequel",55793686.0827034,67091907.5144509,"Comedy"
"276",275,"Lions for Lambs",2007,"Fall",92,3.5e+07,63200000,"Drama","R",28,"Not Sequel",52964302.9425953,95638398.4563435,"Drama"
"277",276,"The Eternal Daughter",2022,"Fall",96,473608333333.333,5.6833e+11,"Horror","PG-13",94,"Not Sequel",507587749117.413,609105298940.895,"Horror"
"278",277,"The Perks of Being a Wallflower",2012,"Summer",103,1.3e+07,33300000,"Drama","PG-13",85,"Not Sequel",17761759.5818815,45497430.3135889,"Drama"
"279",278,"Remember Me",2010,"Winter",108,1.6e+07,5.6e+07,"Drama","PG-13",27,"Not Sequel",23013296.6529115,80546538.2851903,"Drama"
"280",279,"Babel",2006,"Fall",144,2.5e+07,135300000,"Drama","R",69,"Not Sequel",38901289.6825397,210533779.761905,"Drama"
"281",280,"Anna Karenina",2012,"Summer",130,40600000,68900000,"Drama","R",63,"Not Sequel",55471341.4634146,94137325.7839721,"Drama"
"282",281,"The Great Raid",2005,"Summer",132,1e+08,10800000,"Action","R",36,"Not Sequel",160624679.979519,17347465.437788,"Action"
"283",282,"First Sunday",2008,"Winter",106,2e+07,38800000,"Comedy","PG-13",13,"Not Sequel",29140733.8597306,56533023.6878774,"Comedy"
"284",283,"The Wedding Ringer
",2015,"Winter",101,2.3e+07,79800000,"Comedy","PG-13",29,"Not Sequel",30443459.9156118,105625569.620253,"Comedy"
"285",284,"Spiral",2021,"Summer",93,2e+07,40600000,"Horror","R",37,"Sequel",23151291.5129151,46997121.7712177,"Horror"
"286",285,"Crime and Punishment in Suburbia",2000,"Summer",98,2.1995e+10,2.6394e+10,"Drama","R",10,"Not Sequel",40068707897.7933,48082449477.3519,"Drama"
"287",286,"It",2017,"Summer",135,5.5e+07,704200000,"Horror","R",86,"Sequel",70393716.8502652,901295552.835577,"Horror"
"288",287,"The Namesake",2007,"Winter",121,9500000,20400000,"Drama","PG-13",86,"Not Sequel",14376025.0844187,30870622.2865412,"Drama"
"289",288,"The Ring Two",2005,"Winter",110,5e+07,1.64e+08,"Horror","PG-13",20,"Sequel",80312339.9897593,263424475.166411,"Horror"
"290",289,"Saw 3D",2010,"Fall",90,1.7e+07,136200000,"Horror","R",9,"Sequel",24451627.6937185,195900687.757909,"Horror"
"291",290,"The Rider",2018,"Spring",105,8e+10,4200000,"Western","R",92,"Not Sequel",99944245320.5894,5247072.87933094,"Other"
"292",291,"Big Momma's House",2000,"Spring",99,3e+07,1.74e+08,"Comedy","PG-13",30,"Not Sequel",54651567.9442509,316979094.076655,"Comedy"
"293",292,"No Good Deed",2014,"Summer",84,13200000,54300000,"Thriller","PG-13",12,"Not Sequel",17494043.0925222,71964131.8124208,"Thriller"
"294",293,"1408",2007,"Spring",104,2.5e+07,1.33e+08,"Horror","PG-13",79,"Not Sequel",37831644.9589966,201264351.181862,"Horror"
"295",294,"Grindhouse",2007,"Spring",191,86500000,25400000,"Horror","R",84,"Not Sequel",130897491.558128,38436951.2783406,"Horror"
"296",295,"Lucky Numbers",2000,"Fall",105,6.3e+07,10900000,"Comedy","R",22,"Not Sequel",114768292.682927,19856736.3530778,"Comedy"
"297",296,"Self/Less
",2015,"Summer",117,2.6e+07,31800000,"Sci-Fi","PG-13",18,"Not Sequel",34414345.9915612,42091392.4050633,"Sci-Fi"
"298",297,"Michael Clayton",2007,"Fall",120,21500000,9.3e+07,"Thriller","R",91,"Not Sequel",32535214.6647371,140733719.247467,"Thriller"
"299",298,"Spy",2015,"Spring",120,6.5e+07,235700000,"Comedy","R",95,"Not Sequel",86035864.978903,311979282.700422,"Comedy"
"300",299,"War of the Worlds",2005,"Spring",117,1.32e+08,603900000,"Sci-Fi","PG-13",75,"Not Sequel",212024577.572965,970012442.396313,"Sci-Fi"
"301",300,"Free Guy",2021,"Fall",115,162500000,331500000,"Action","PG-13",80,"Not Sequel",188104243.542435,383732656.826568,"Action"
"302",301,"A Man Apart",2003,"Spring",109,3.6e+07,44300000,"Action","R",10,"Not Sequel",61376086.9565217,75526684.7826087,"Action"
"303",302,"Scouts Guide to the Zombie Apocalypse",2015,"Fall",93,2.7e+07,16100000,"Comedy","R",60,"Not Sequel",35737974.6835443,21310421.9409283,"Comedy"
"304",303,"Minority Report",2002,"Spring",145,1.02e+08,358400000,"Sci-Fi","PG-13",90,"Not Sequel",177862145.636465,624958754.863813,"Sci-Fi"
"305",304,"Thirteen Conversations About One Thing",2002,"Spring",104,3088876666666.67,3.706652e+12,"Drama","R",84,"Not Sequel",5386217956272,6463461547526.4,"Drama"
"306",305,"Sunshine Cleaning",2009,"Winter",91,5e+06,17300000,"Comedy","R",74,"Not Sequel",7312354.31235431,25300745.9207459,"Comedy"
"307",306,"Get Low",2010,"Summer",100,7e+06,10800000,"Drama","PG-13",85,"Not Sequel",10068317.2856488,15533975.2407153,"Drama"
"308",307,"Beau Is Afraid",2023,"Spring",179,3.5e+07,12300000,"Horror","R",67,"Not Sequel",36033803.741385,12663308.1719724,"Horror"
"309",308,"The Amityville Horror",2005,"Spring",89,1.9e+07,107500000,"Horror","R",23,"Sequel",30518689.1961085,172671530.977983,"Horror"
"310",309,"The Adam Project",2022,"Winter",106,1.16e+08,139200000,"Sci-Fi","PG-13",67,"Not Sequel",124322514.519986,149187017.423984,"Sci-Fi"
"311",310,"When You Finish Saving the World",2023,"Winter",88,1.641e+11,1.9692e+11,"Comedy","R",64,"Not Sequel",168947062684.608,202736475221.529,"Comedy"
"312",311,"Get Carter",2000,"Fall",102,63600000,19400000,"Action","R",25,"Sequel",115861324.041812,35341347.2706156,"Action"
"313",312,"MaXXXine",2024,"Summer",104,1e+07,22100000,"Horror","R",92,"Sequel",1e+07,22100000,"Horror"
"314",313,"Sleuth",2007,"Fall",88,4e+06,4800000,"Thriller","R",36,"Sequel",6053063.19343946,7263675.83212735,"Thriller"
"315",314,"Over Her Dead Body",2008,"Winter",95,1e+07,21500000,"Comedy","PG-13",15,"Not Sequel",14570366.9298653,31326288.8992104,"Comedy"
"316",315,"Gotti",2018,"Spring",110,1e+07,6400000,"Crime","R",0,"Not Sequel",12493030.6650737,7995539.62564715,"Crime"
"317",316,"Ferrari",2023,"Fall",130,9.5e+07,43600000,"Drama","R",73,"Not Sequel",97806038.7266164,44887824.0892681,"Drama"
"318",317,"Valkyrie",2008,"Fall",121,1.2e+08,201500000,"Thriller","PG-13",61,"Not Sequel",174844403.158384,293592893.636786,"Thriller"
"319",318,"The Truth About Charlie",2002,"Fall",104,6e+07,7100000,"Thriller","PG-13",33,"Not Sequel",104624791.550862,12380600.3335186,"Thriller"
"320",319,"Marcel the Shell with Shoes On",2022,"Spring",90,6e+06,7e+06,"Animation","PG",99,"Not Sequel",6430474.88896481,7502220.70379228,"Animation"
"321",320,"Connie and Carla",2004,"Spring",98,2.7e+07,11300000,"Comedy","PG-13",43,"Not Sequel",44838009.5288512,18765537.321334,"Comedy"
"322",321,"The Assassination of Richard Nixon",2004,"Fall",95,4600000,4400000,"Drama","R",77,"Not Sequel",7639068.29010058,7306934.88618317,"Drama"
"323",322,"The Nut Job 2: Nutty by Nature",2017,"Summer",91,4e+07,68700000,"Animation","PG",16,"Sequel",51195430.4365565,87928151.7747858,"Animation"
"324",323,"Chaos Walking",2021,"Spring",109,162500000,2.7e+07,"Sci-Fi","PG-13",21,"Not Sequel",188104243.542435,31254243.5424354,"Sci-Fi"
"325",324,"Martin Lawrence Live: Runteldat",2002,"Summer",113,3e+06,19100000,"Comedy","R",33,"Not Sequel",5231239.57754308,33305558.6436909,"Comedy"
"326",325,"Breakthrough",2019,"Spring",116,1.4e+07,50400000,"Drama","PG-13",60,"Not Sequel",17175596.4020336,61832147.0473211,"Drama"
"327",326,"Hellion",2014,"Spring",99,46423333333.3333,5.5708e+10,"Drama","R",61,"Not Sequel",61525135896.3526,73830163075.6232,"Drama"
"328",327,"Till",2022,"Fall",130,2e+07,11500000,"Drama","PG-13",98,"Not Sequel",21434916.2965494,12325076.8705159,"Drama"
"329",328,"Young Woman and the Sea",2024,"Spring",129,1583333.33333333,1900000,"Drama","PG",94,"Not Sequel",1583333.33333333,1900000,"Drama"
"330",329,"Nerve",2016,"Summer",96,1.9e+07,85300000,"Thriller","PG-13",67,"Not Sequel",24834583.3333333,111494208.333333,"Thriller"
"331",330,"Love Don't Cost a Thing",2003,"Fall",101,17500000,2.1e+07,"Comedy","PG-13",13,"Not Sequel",29835597.826087,35802717.3913044,"Comedy"
"332",331,"Kickin' It Old Skool",2007,"Spring",108,25700000,4700000,"Comedy","PG-13",2,"Not Sequel",38890931.0178485,7112349.25229136,"Comedy"
"333",332,"The Exorcist: The Version You've Never Seen",2000,"Summer",122,1.2e+07,441300000,"Horror","R",84,"Sequel",21860627.1777003,803924564.45993,"Horror"
"334",333,"Going in Style",2017,"Spring",96,2.5e+07,84900000,"Comedy","PG-13",47,"Sequel",31997144.0228478,108662301.101591,"Comedy"
"335",334,"Superbad",2007,"Summer",113,27500000,170800000,"Comedy","R",88,"Not Sequel",41614809.4548963,258465798.359865,"Comedy"
"336",335,"Better Living Through Chemistry",2014,"Winter",91,100685833333.333,1.20823e+11,"Comedy","R",24,"Not Sequel",133439568722.715,160127482467.258,"Comedy"
"337",336,"Mad Max: Fury Road",2015,"Spring",120,247150000,380400000,"Action","R",97,"Sequel",327134831.223629,503508354.43038,"Action"
"338",337,"The Color Purple",2023,"Fall",141,1.4e+08,68800000,"Musical","PG-13",83,"Sequel",144135214.96554,70832162.7830653,"Other"
"339",338,"The Midnight Sky",2020,"Fall",118,1e+08,3e+06,"Sci-Fi","PG-13",51,"Not Sequel",121213292.117465,3636398.76352396,"Sci-Fi"
"340",339,"Novocaine",2001,"Fall",95,1e+07,2500000,"Comedy","R",52,"Not Sequel",17713156.4088086,4428289.10220215,"Comedy"
"341",340,"Alpha and Omega",2010,"Summer",88,2e+07,50500000,"Animation","PG",17,"Not Sequel",28766620.8161394,72635717.5607519,"Animation"
"342",341,"How High",2001,"Fall",103,2.2e+07,31300000,"Comedy","R",26,"Not Sequel",38968944.0993789,55442179.5595709,"Comedy"
"343",342,"Chapter 27",2008,"Winter",84,1.5624e+11,1.87488e+11,"Drama","R",18,"Not Sequel",227647412912.216,273176895494.659,"Drama"
"344",343,"All the Money in the World",2017,"Fall",135,5e+07,5.7e+07,"Crime","R",79,"Not Sequel",63994288.0456956,72953488.372093,"Crime"
"345",344,"Extraordinary Measures",2010,"Winter",106,3.1e+07,1.5e+07,"Drama","PG",28,"Not Sequel",44588262.265016,21574965.6121045,"Drama"
"346",345,"Demonic",2021,"Fall",104,1500000,3.66656e+11,"Horror","R",32,"Not Sequel",1736346.86346863,424427997047.97,"Horror"
"347",346,"The Divergent Series: Allegiant",2016,"Winter",121,1.81e+08,179200000,"Sci-Fi","PG-13",13,"Sequel",236582083.333333,234229333.333333,"Sci-Fi"
"348",347,"The Ruins",2008,"Spring",90,2.5e+07,22900000,"Horror","R",49,"Not Sequel",36425917.3246633,33366140.2693915,"Horror"
"349",348,"Alex & Emma",2003,"Spring",96,3e+07,1.5e+07,"Romance","PG-13",11,"Not Sequel",51146739.1304348,25573369.5652174,"Romance"
"350",349,"Bubble Boy",2001,"Summer",84,1.3e+07,5e+06,"Comedy","PG-13",32,"Not Sequel",23027103.3314512,8856578.20440429,"Comedy"
"351",350,"The Man Who Cried",2001,"Spring",100,2e+07,1800000,"Drama","PG-13",33,"Not Sequel",35426312.8176172,3188368.15358554,"Drama"
"352",351,"The Iron Claw",2023,"Fall",132,15900000,45200000,"Drama","R",89,"Not Sequel",16369642.2710863,46535083.6888743,"Drama"
"353",352,"Mystic River",2003,"Fall",138,4e+07,156600000,"Drama","R",89,"Not Sequel",68195652.173913,266985978.26087,"Drama"
"354",353,"Fresh",2022,"Winter",114,2.5e+07,3e+07,"Horror","R",87,"Not Sequel",26793645.3706867,32152374.4448241,"Horror"
"355",354,"Untraceable",2008,"Winter",101,3.5e+07,5.3e+07,"Thriller","R",16,"Not Sequel",50996284.2545286,77222944.7282861,"Thriller"
"356",355,"Saved!",2004,"Spring",92,5e+06,10100000,"Comedy","PG-13",76,"Not Sequel",8303335.09793541,16772736.8978295,"Comedy"
"357",356,"Redeeming Love",2022,"Winter",134,3e+07,9400000,"Romance","PG-13",13,"Not Sequel",32152374.4448241,10074410.6593782,"Romance"
"358",357,"Fruitvale Station",2013,"Summer",85,9e+11,17400000,"Drama","R",94,"Not Sequel",1211716738197.42,23426523.6051502,"Drama"
"359",358,"Tuesday",2024,"Spring",110,6.2975e+11,7.557e+11,"Fantasy","R",74,"Not Sequel",6.2975e+11,7.557e+11,"Fantasy"
"360",359,"Hitchcock
",2012,"Fall",98,1.5e+07,2.7e+07,"Drama","PG-13",60,"Not Sequel",20494337.9790941,36889808.3623693,"Drama"
"361",360,"Emma",2020,"Winter",124,1e+07,27400000,"Romance","PG",86,"Not Sequel",12121329.2117465,33212442.0401855,"Romance"
"362",361,"Christmas with the Kranks",2004,"Fall",98,6e+07,96600000,"Comedy","PG",5,"Not Sequel",99640021.175225,160420434.092112,"Comedy"
"363",362,"The Girl in the Spider's Web",2018,"Fall",117,4.3e+07,35200000,"Thriller","R",38,"Sequel",53720031.8598168,43975467.9410593,"Thriller"
"364",363,"The King's Daughter",2022,"Winter",94,4e+07,2200000,"Fantasy","PG",19,"Not Sequel",42869832.5930987,2357840.79262043,"Fantasy"
"365",364,"Club Dread",2004,"Winter",103,8500000,7600000,"Comedy","R",30,"Not Sequel",14115669.6664902,12621069.3488618,"Comedy"
"366",365,"Lorelei",2021,"Fall",110,1.0535e+10,1.2642e+10,"Drama","R",89,"Not Sequel",12194942804.428,14633931365.3137,"Drama"
"367",366,"Preacher's Kid",2010,"Winter",110,3e+06,5.15065e+11,"Drama","PG-13",17,"Not Sequel",4314993.12242091,740833977533.242,"Drama"
"368",367,"The Namesake",2006,"Summer",121,9500000,20400000,"Drama","PG-13",86,"Not Sequel",14782490.0793651,31743452.3809524,"Drama"
"369",368,"Bewitched",2005,"Spring",102,8.5e+07,131400000,"Comedy","PG-13",15,"Not Sequel",136530977.982591,211060829.493088,"Comedy"
"370",369,"W.",2008,"Fall",129,25100000,29500000,"Biography","PG-13",58,"Not Sequel",36571620.9939619,42982582.4431026,"Biography"
"371",370,"The Two Popes",2019,"Fall",125,4e+07,7.58711e+11,"Drama","PG-13",89,"Not Sequel",49073132.577239,930808137270.239,"Drama"
"372",371,"The Mule",2018,"Fall",116,5e+07,174800000,"Crime","R",61,"Not Sequel",62465153.3253684,218378176.025488,"Crime"
"373",372,"Basic",2003,"Winter",98,5e+07,42800000,"Action","R",22,"Not Sequel",85244565.2173913,72969347.826087,"Action"
"374",373,"Hell or High Water",2016,"Summer",102,1.2e+07,37900000,"Crime","R",97,"Not Sequel",15685000,49538458.3333333,"Crime"
"375",374,"Killers",2010,"Spring",100,7.5e+07,98200000,"Action","PG-13",11,"Not Sequel",107874828.060523,141244108.207244,"Action"
"376",375,"Reign Over Me",2007,"Winter",124,2e+07,2.2e+07,"Drama","R",64,"Not Sequel",30265315.9671973,33291847.563917,"Drama"
"377",376,"The Oranges",2012,"Fall",92,7e+06,1900000,"Comedy","R",46,"Not Sequel",9564024.3902439,2595949.47735192,"Comedy"
"378",377,"Sharp Stick",2022,"Summer",96,5.7165e+10,6.8598e+10,"Comedy","R",53,"Not Sequel",61266349504.6122,73519619405.5347,"Comedy"
"379",378,"Big Hero 6
",2014,"Fall",102,1.65e+08,657800000,"Animation","PG",90,"Not Sequel",218675538.656527,871786480.777355,"Animation"
"380",379,"6 Underground",2019,"Fall",128,1.5e+08,1.8e+08,"Action","R",36,"Not Sequel",184024247.164646,220829096.597575,"Action"
"381",380,"Glass Onion: A Knives Out Mystery",2022,"Fall",139,4e+07,1.5e+07,"Mystery","PG-13",92,"Sequel",42869832.5930987,16076187.222412,"Other"
"382",381,"Women in Trouble",2009,"Fall",92,5e+10,1.8e+10,"Comedy","R",65,"Not Sequel",73123543123.5431,26324475524.4755,"Comedy"
"383",382,"Like Crazy",2011,"Fall",90,2.5e+11,3800000,"Drama","PG-13",72,"Not Sequel",348710538016.896,5300400.17785683,"Drama"
"384",383,"Waitress",2007,"Spring",104,1500000,2.2e+07,"Comedy","PG-13",89,"Not Sequel",2269898.6975398,33291847.563917,"Comedy"
"385",384,"I'll See You in My Dreams
",2015,"Spring",96,1e+06,7500000,"Comedy","PG-13",93,"Not Sequel",1323628.69198312,9927215.18987342,"Comedy"
"386",385,"It's Complicated",2009,"Fall",120,117500000,219100000,"Comedy","R",57,"Not Sequel",171840326.340326,320427365.967366,"Comedy"
"387",386,"The Purge: Anarchy",2014,"Summer",104,14500000,111900000,"Horror","R",57,"Sequel",19216941.2758766,148301774.397972,"Horror"
"388",387,"Safe",2012,"Spring",95,3e+07,40600000,"Action","R",58,"Not Sequel",40988675.9581882,55471341.4634146,"Action"
"389",388,"The Pursuit of Happyness",2006,"Fall",117,5.5e+07,307100000,"Biography","PG-13",67,"Not Sequel",85582837.3015873,477863442.460317,"Biography"
"390",389,"The Holiday",2006,"Fall",136,8.5e+07,205800000,"Romance","PG-13",49,"Not Sequel",132264384.920635,320235416.666667,"Romance"
"391",390,"Entebbe",2018,"Winter",107,8e+06,9600000,"Thriller","PG-13",24,"Not Sequel",9994424.53205894,11993309.4384707,"Thriller"
"392",391,"Hercules",2014,"Summer",98,1e+08,244800000,"Action","PG-13",58,"Not Sequel",132530629.488804,324434980.988593,"Action"
"393",392,"Copperhead",2013,"Spring",118,1.2e+07,1.7174e+11,"Drama","PG-13",21,"Not Sequel",16156223.1759657,231222480686.695,"Drama"
"394",393,"Coyote Ugly",2000,"Summer",101,4.5e+07,113900000,"Comedy","PG-13",23,"Not Sequel",81977351.9163763,207493786.295006,"Comedy"
"395",394,"Smile",2022,"Summer",115,1.7e+07,217400000,"Horror","R",80,"Not Sequel",18219678.852067,232997540.143492,"Horror"
"396",395,"Candyman",2021,"Fall",91,2.5e+07,77400000,"Horror","R",84,"Sequel",28939114.3911439,89595498.1549816,"Horror"
"397",396,"Chasing Liberty",2004,"Winter",111,2.3e+07,1.2e+07,"Romance","PG-13",19,"Not Sequel",38195341.4505029,19928004.235045,"Romance"
"398",397,"All Dirt Roads Taste of Salt",2023,"Fall",92,43403333333.3333,5.2084e+10,"Drama","PG-13",80,"Not Sequel",44685348430.1499,53622418116.1798,"Drama"
"399",398,"Primeval",2007,"Winter",94,12666666.6666667,15200000,"Horror","R",18,"Not Sequel",19168033.4458916,23001640.1350699,"Horror"
"400",399,"Motherhood",2009,"Fall",90,1e+07,7.26354e+11,"Comedy","PG-13",37,"Not Sequel",14624708.6247086,1062271560839.16,"Comedy"
"401",400,"De-Lovely",2004,"Summer",125,1.5e+07,18400000,"Musical","PG-13",48,"Not Sequel",24910005.2938062,30556273.1604023,"Other"
"402",401,"Game 6",2006,"Winter",83,108053333333.333,1.29664e+11,"Comedy","R",65,"Not Sequel",168136560846.561,201763873015.873,"Comedy"
"403",402,"Jiu Jitsu",2020,"Fall",102,2.5e+07,9.9924e+10,"Action","R",28,"Not Sequel",30303323.0293663,121121170015.456,"Action"
"404",403,"The Final Season",2007,"Fall",114,966409166666.667,1.159691e+12,"Drama","PG",30,"Not Sequel",1462433939138.13,1754920726965.75,"Drama"
"405",404,"The Lincoln Lawyer",2011,"Winter",118,4e+07,87100000,"Thriller","R",84,"Not Sequel",55793686.0827034,121490751.445087,"Thriller"
"406",405,"Dream House",2011,"Summer",92,5e+07,4e+07,"Thriller","PG-13",7,"Not Sequel",69742107.6033793,55793686.0827034,"Thriller"
"407",406,"Halloween Ends",2022,"Fall",111,3.3e+07,105400000,"Horror","R",40,"Sequel",35367611.8893065,112962008.882815,"Horror"
"408",407,"Free Birds",2013,"Fall",91,5.5e+07,1.1e+08,"Animation","PG",20,"Not Sequel",74049356.223176,148098712.446352,"Animation"
"409",408,"Bad Boys II",2003,"Summer",147,1.3e+08,273300000,"Action","R",23,"Sequel",221635869.565217,465946793.478261,"Action"
"410",409,"The Edge of Seventeen",2016,"Fall",104,9e+06,19400000,"Comedy","R",94,"Not Sequel",11763750,25357416.6666667,"Comedy"
"411",410,"Ocean's Twelve",2004,"Fall",125,1.1e+08,362900000,"Crime","PG-13",55,"Sequel",182673372.154579,602656061.408152,"Crime"
"412",411,"Domestic Disturbance",2001,"Fall",89,7.5e+07,54200000,"Thriller","PG-13",23,"Not Sequel",132848673.066064,96005307.7357425,"Thriller"
"413",412,"Resident Evil",2002,"Winter",100,3.3e+07,1.03e+08,"Action","R",36,"Not Sequel",57543635.3529739,179605892.162312,"Action"
"414",413,"Trolls Band Together",2023,"Fall",91,9.5e+07,209600000,"Animation","PG",62,"Sequel",97806038.7266164,215791007.548408,"Animation"
"415",414,"Mr. Malcolm's List",2022,"Summer",117,1666666.66666667,2e+06,"Romance","PG",82,"Not Sequel",1786243.02471245,2143491.62965494,"Romance"
"416",415,"Star Wars: The Rise of Skywalker",2019,"Fall",142,593700000,1.077e+09,"Sci-Fi","PG-13",52,"Sequel",728367970.277669,1321294094.64216,"Sci-Fi"
"417",416,"White Boy Rick",2018,"Summer",111,2.9e+07,2.6e+07,"Biography","R",61,"Not Sequel",36229788.9287137,32481879.7291916,"Biography"
"418",417,"Turning Red",2022,"Winter",100,1.75e+08,21500000,"Animation","PG",95,"Not Sequel",187555517.594807,23042535.0187906,"Animation"
"419",418,"Kung Fu Hustle
",2005,"Spring",98,2e+07,104900000,"Action","R",90,"Not Sequel",32124935.9959037,168495289.298515,"Action"
"420",419,"Naked Singularity",2021,"Fall",93,12142500000,1.4571e+10,"Comedy","R",27,"Not Sequel",14055727859.7786,16866873431.7343,"Comedy"
"421",420,"Fred Claus",2007,"Fall",116,1e+08,97800000,"Comedy","PG",20,"Not Sequel",151326579.835986,147997395.079595,"Comedy"
"422",421,"The Marksman",2021,"Spring",108,3.8e+07,23900000,"Action","PG-13",38,"Not Sequel",43987453.8745387,27665793.3579336,"Action"
"423",422,"Pain & Gain",2013,"Spring",129,2.6e+07,86200000,"Action","R",50,"Not Sequel",35005150.2145923,116055536.480687,"Action"
"424",423,"Zootopia",2016,"Winter",108,1.5e+08,1.025e+09,"Animation","PG",98,"Not Sequel",196062500,1339760416.66667,"Animation"
"425",424,"Stomp the Yard",2007,"Winter",109,1.3e+07,75500000,"Drama","PG-13",37,"Not Sequel",19672455.3786782,114251567.77617,"Drama"
"426",425,"The Lovely Bones",2009,"Fall",135,6.5e+07,93600000,"Drama","PG-13",32,"Not Sequel",95060606.0606061,136887272.727273,"Drama"
"427",426,"Expend4bles",2023,"Summer",104,1e+08,5.1e+07,"Action","R",14,"Sequel",102953724.975386,52506399.7374467,"Action"
"428",427,"Unsane",2018,"Winter",98,1500000,14300000,"Horror","R",80,"Not Sequel",1873954.59976105,17865033.8510554,"Horror"
"429",428,"Surrogates",2009,"Summer",89,8e+07,122400000,"Sci-Fi","PG-13",39,"Not Sequel",116997668.997669,179006433.566434,"Sci-Fi"
"430",429,"Roman J. Israel, Esq.",2017,"Fall",122,2.2e+07,1.3e+07,"Crime","PG-13",52,"Not Sequel",28157486.7401061,16638514.8918809,"Crime"
"431",430,"The Angriest Man in Brooklyn",2014,"Spring",84,5.12665e+11,6.15198e+11,"Comedy","R",13,"Not Sequel",679438151668.779,815325782002.535,"Comedy"
"432",431,"Thirteen Ghosts",2001,"Fall",91,4.2e+07,68500000,"Horror","R",16,"Not Sequel",74395256.916996,121335121.400339,"Horror"
"433",432,"The Help",2011,"Summer",146,2.5e+07,221800000,"Drama","PG-13",76,"Not Sequel",34871053.8016896,309375989.32859,"Drama"
"434",433,"Nurse Betty",2000,"Summer",105,2.5e+07,29400000,"Comedy","R",83,"Not Sequel",45542973.2868757,53558536.5853659,"Comedy"
"435",434,"State Property 2",2005,"Spring",94,2e+06,1600000,"Action","R",50,"Sequel",3212493.59959037,2569994.8796723,"Action"
"436",435,"Scream",2022,"Winter",114,2.4e+07,138900000,"Horror","R",76,"Sequel",25721899.5558592,148865493.679535,"Horror"
"437",436,"License to Wed",2007,"Summer",91,3.5e+07,7e+07,"Comedy","PG-13",7,"Not Sequel",52964302.9425953,105928605.885191,"Comedy"
"438",437,"The Twilight Saga: New Moon",2009,"Fall",130,5e+07,7.12e+08,"Romance","PG-13",29,"Sequel",73123543.1235431,1041279254.07925,"Romance"
"439",438,"Jesus' Son",2000,"Spring",107,2500000,1300000,"Drama","R",83,"Not Sequel",4554297.32868757,2368234.61091754,"Drama"
"440",439,"Road to Perdition",2002,"Summer",117,8e+07,183400000,"Crime","R",81,"Not Sequel",139499722.067815,319803112.840467,"Crime"
"441",440,"Blinded by the Light",2019,"Summer",117,1.5e+07,19600000,"Biography","PG-13",89,"Not Sequel",18402424.7164646,24045834.9628471,"Biography"
"442",441,"The Hunt",2020,"Winter",90,1.4e+07,12400000,"Action","R",57,"Not Sequel",16969860.8964451,15030448.2225657,"Action"
"443",442,"Maze",2001,"Fall",98,14145,16974,"Drama","R",40,"Not Sequel",25055.2597402597,30066.3116883117,"Drama"
"444",443,"Sinister",2012,"Fall",109,3e+06,87700000,"Horror","R",64,"Not Sequel",4098867.59581882,119823562.71777,"Horror"
"445",444,"Criminal",2016,"Spring",109,31500000,38800000,"Action","R",31,"Not Sequel",41173125,50714833.3333333,"Action"
"446",445,"Vengeance",2022,"Summer",107,3666666.66666667,4400000,"Comedy","R",79,"Not Sequel",3929734.65436738,4715681.58524086,"Comedy"
"447",446,"Jason Bourne",2016,"Summer",123,1.2e+08,415500000,"Action","PG-13",54,"Sequel",156850000,543093125,"Action"
"448",447,"Mona Lisa Smile",2003,"Fall",119,72300000,141300000,"Drama","PG-13",34,"Not Sequel",123263641.304348,240901141.304348,"Drama"
"449",448,"Blade II",2002,"Winter",117,5.4e+07,1.55e+08,"Action","R",57,"Sequel",94162312.3957754,270280711.506392,"Action"
"450",449,"The Perfect Storm",2000,"Spring",130,1.2e+08,328700000,"Action","PG-13",47,"Not Sequel",218606271.777003,598799012.775842,"Action"
"451",450,"The Stoning of Soraya M.",2009,"Spring",116,916666.666666667,1100000,"Drama","PG-13",63,"Not Sequel",1340598.29059829,1608717.94871795,"Drama"
"452",451,"Eragon",2006,"Fall",103,1e+08,250400000,"Fantasy","PG",16,"Not Sequel",155605158.730159,389635317.460317,"Fantasy"
"453",452,"Nefarious",2023,"Spring",97,1e+06,5800000,"Horror","R",33,"Not Sequel",1029537.24975386,5971316.04857237,"Horror"
"454",453,"The Greatest Game Ever Played",2005,"Summer",120,2.5e+07,15400000,"Drama","PG",63,"Not Sequel",40156169.9948797,24736200.7168459,"Drama"
"455",454,"Lightyear",2022,"Spring",105,2e+08,226400000,"Animation","PG",74,"Not Sequel",214349162.965494,242643252.476939,"Animation"
"456",455,"The Curious Case of Benjamin Button",2008,"Fall",166,233500000,335800000,"Drama","PG-13",71,"Not Sequel",340218067.812355,489272921.504877,"Drama"
"457",456,"Extraction",2015,"Fall",83,916666.666666667,1100000,"Action","R",6,"Not Sequel",1213326.30098453,1455991.56118143,"Action"
"458",457,"Broken Bridges",2006,"Summer",105,1.1e+07,252539,"Drama","PG-13",5,"Not Sequel",17116567.4603175,392963.711805556,"Drama"
"459",458,"Gigi & Nate",2022,"Summer",114,1916666.66666667,2300000,"Drama","PG-13",26,"Not Sequel",2054179.47841931,2465015.37410318,"Drama"
"460",459,"Spell",2020,"Fall",92,416753333333.333,5.00104e+11,"Horror","R",48,"Not Sequel",505160435342.607,606192522411.128,"Horror"
"461",460,"Twisted",2004,"Winter",97,5e+07,4.1e+07,"Thriller","PG-13",2,"Not Sequel",83033350.9793542,68087347.8030704,"Thriller"
"462",461,"The Homesman
",2014,"Fall",123,1.6e+07,8200000,"Drama","R",81,"Not Sequel",21204900.7182087,10867511.618082,"Drama"
"463",462,"The Menu",2022,"Fall",107,3e+07,79600000,"Horror","R",88,"Not Sequel",32152374.4448241,85310966.8602665,"Horror"
"464",463,"Behind Enemy Lines",2001,"Fall",106,4e+07,121700000,"Action","PG-13",37,"Not Sequel",70852625.6352343,215569113.4952,"Action"
"465",464,"West of Memphis
",2012,"Fall",147,258461666666.667,3.10154e+11,"Documentary","R",95,"Not Sequel",353133383420.441,423760060104.53,"Other"
"466",465,"Morbius",2022,"Spring",104,116500000,167500000,"Action","PG-13",15,"Not Sequel",124858387.4274,179517423.983601,"Action"
"467",466,"Lola Versus",2012,"Spring",87,3.79795e+11,4.55754e+11,"Comedy","R",33,"Not Sequel",518909806184.669,622691767421.603,"Comedy"
"468",467,"Crooked House",2017,"Fall",115,1e+07,1.2e+07,"Mystery","PG-13",57,"Not Sequel",12798857.6091391,15358629.130967,"Other"
"469",468,"Gloria Bell",2019,"Winter",102,9250000,11100000,"Drama","R",91,"Not Sequel",11348161.9084865,13617794.2901838,"Drama"
"470",469,"Tall Girl",2019,"Summer",102,13600000,16320000,"Comedy","PG",39,"Not Sequel",16684865.0762612,20021838.0915135,"Comedy"
"471",470,"Evan Almighty",2007,"Spring",96,1.75e+08,174400000,"Comedy","PG",24,"Sequel",264821514.712976,263913555.23396,"Comedy"
"472",471,"The Hills Have Eyes 2",2007,"Winter",90,1.5e+07,37600000,"Horror","R",12,"Sequel",22698986.975398,56898794.0183309,"Horror"
"473",472,"Year One",2009,"Spring",97,6e+07,62400000,"Comedy","PG-13",14,"Not Sequel",87748251.7482518,91258181.8181818,"Comedy"
"474",473,"Hotel Rwanda",2004,"Fall",121,17500000,33900000,"Drama","PG-13",90,"Not Sequel",29061672.842774,56296611.9640021,"Drama"
"475",474,"Dungeons & Dragons: Honor Among Thieves",2023,"Winter",134,1.5e+08,208200000,"Fantasy","PG-13",91,"Not Sequel",154430587.463078,214349655.398753,"Fantasy"
"476",475,"Ain't Them Bodies Saints",2013,"Summer",97,4e+06,1e+06,"Crime","R",78,"Not Sequel",5385407.72532189,1346351.93133047,"Crime"
"477",476,"The Counselor",2013,"Fall",117,2.5e+07,7.1e+07,"Thriller","R",34,"Not Sequel",33658798.2832618,95590987.1244635,"Thriller"
"478",477,"The Favourite",2018,"Fall",120,1.5e+07,9.6e+07,"Biography","R",93,"Not Sequel",18739545.9976105,119933094.384707,"Biography"
"479",0,"Easter Sunday",2022,"Summer",96,1.7e+07,13100000,"Comedy","PG-13",44,"Not Sequel",18219678.852067,14039870.1742398,"Comedy"
"480",1,"Firewall",2006,"Winter",105,5e+07,82800000,"Thriller","PG-13",30,"Not Sequel",77802579.3650794,128841071.428571,"Thriller"
"481",2,"Walking with Dinosaurs",2013,"Fall",87,8e+07,126500000,"Family","PG",22,"Not Sequel",107708154.506438,170313519.313305,"Other"
"482",3,"Above Suspicion",2021,"Summer",104,21163333333.3333,2.5396e+10,"Crime","R",25,"Not Sequel",24497924969.2497,29397509963.0996,"Crime"
"483",4,"Anna",2019,"Spring",119,3e+07,31600000,"Action","R",46,"Not Sequel",36804849.4329292,38767774.7360188,"Action"
"484",5,"Cowboys & Aliens",2011,"Summer",119,1.63e+08,174800000,"Sci-Fi","PG-13",44,"Not Sequel",227359270.787016,243818408.181414,"Sci-Fi"
"485",6,"Logan
",2017,"Winter",137,160500000,619200000,"Action","R",94,"Sequel",205421664.626683,792505263.157895,"Action"
"486",7,"Super",2011,"Spring",96,2500000,5.93933e+11,"Black Comedy","R",48,"Not Sequel",3487105.38016896,828442783903.957,"Other"
"487",8,"Longlegs",2024,"Summer",101,1e+07,1.28e+08,"Horror","R",84,"Not Sequel",1e+07,1.28e+08,"Horror"
"488",9,"High Fidelity",2000,"Winter",113,3e+07,47100000,"Comedy","R",91,"Not Sequel",54651567.9442509,85802961.6724739,"Comedy"
"489",10,"Percy Jackson & the Olympians: The Lightning Thief",2010,"Winter",119,9.5e+07,226400000,"Fantasy","PG",49,"Not Sequel",136641448.876662,325638147.638698,"Fantasy"
"490",11,"Dumbo",2019,"Winter",112,1.7e+08,353300000,"Family","PG",46,"Not Sequel",208560813.453266,433438443.488463,"Other"
"491",12,"Sweetwater",2023,"Spring",119,8e+06,5.41633e+11,"Western","R",36,"Not Sequel",8236297.99803085,557631349195.93,"Other"
"492",13,"This Means War",2012,"Winter",97,6.5e+07,156500000,"Action-Comedy","PG-13",26,"Not Sequel",88808797.9094077,213824259.581882,"Other"
"493",14,"The Other Side of Heaven",2001,"Fall",113,7e+06,4800000,"Drama","PG",29,"Not Sequel",12399209.486166,8502315.07622812,"Drama"
"494",15,"Public Enemies",2009,"Summer",140,1.3e+08,214100000,"Crime","R",68,"Not Sequel",190121212.121212,313115011.655012,"Crime"
"495",16,"The Grudge",2020,"Winter",94,1.9e+07,49500000,"Horror","PG-13",14,"Sequel",23030525.5023184,60000579.5981453,"Horror"
"496",17,"Chappaquiddick",2018,"Spring",101,3.4e+07,18300000,"Drama","PG-13",81,"Not Sequel",42476304.2612505,22862246.1170848,"Drama"
"497",18,"Disobedience",2018,"Spring",114,6e+06,8e+06,"Drama","R",93,"Not Sequel",7495818.39904421,9994424.53205894,"Drama"
"498",19,"Big George Foreman",2023,"Spring",129,3.2e+07,6e+06,"Sports","PG-13",42,"Not Sequel",32945191.9921234,6177223.49852314,"Other"
"499",20,"Brotherly Love
",2015,"Spring",89,1900000,4.78595e+11,"Drama","R",60,"Not Sequel",2514894.51476793,633482073839.662,"Drama"
"500",21,"The Lord of the Rings: The Return of the King",2003,"Fall",201,9.4e+07,1.138e+09,"Fantasy","PG-13",93,"Sequel",160259782.608696,1940166304.34783,"Fantasy"
"501",22,"Shrek Forever After",2010,"Spring",93,217500000,756200000,"Family","PG",57,"Sequel",312837001.375516,1087665933.05823,"Other"
"502",23,"About a Boy",2002,"Spring",101,3e+07,130500000,"Romantic Comedy","PG-13",93,"Not Sequel",52312395.7754308,227558921.623124,"Other"
"503",24,"The Accountant",2016,"Fall",128,4.4e+07,155200000,"Action","R",52,"Not Sequel",57511666.6666667,202859333.333333,"Action"
"504",25,"Under the Silver Lake",2019,"Spring",139,8e+06,2e+06,"Neo-Noir","R",59,"Not Sequel",9814626.51544779,2453656.62886195,"Other"
"505",26,"The Good Thief",2003,"Spring",108,3e+07,5.756945e+12,"Crime","R",77,"Not Sequel",51146739.1304348,9814965470108.7,"Crime"
"506",27,"Waiting for the Barbarians",2020,"Summer",112,637345833333.333,7.64815e+11,"Drama","R",53,"Not Sequel",772547866756.826,927057440108.192,"Drama"
"507",28,"The Dirt",2019,"Winter",108,23100000,27720000,"Musical","R",36,"Not Sequel",28339734.0633555,34007680.8760266,"Other"
"508",29,"Johnson Family Vacation",2004,"Spring",97,1.2e+07,31500000,"Comedy","PG-13",6,"Not Sequel",19928004.235045,52311011.1169931,"Comedy"
"509",30,"Basic Instinct 2",2006,"Winter",114,7e+07,38600000,"Thriller","R",6,"Sequel",108923611.111111,60063591.2698413,"Thriller"
"510",31,"The Tomorrow Man",2019,"Spring",94,295085833333.333,3.54103e+11,"Drama","PG-13",42,"Not Sequel",362019655520.793,434423586624.951,"Drama"
"511",32,"Past Lives",2023,"Spring",106,1.2e+07,42700000,"Romance","PG-13",96,"Not Sequel",12354446.9970463,43961240.5644897,"Romance"
"512",33,"The Details",2012,"Fall",101,52995833333.3333,6.3595e+10,"Comedy","R",45,"Not Sequel",72407634654.4715,86889161585.3659,"Comedy"
"513",34,"Crazy, Stupid, Love",2011,"Summer",118,5e+07,1.45e+08,"Romantic Comedy","PG-13",79,"Not Sequel",69742107.6033793,202252112.0498,"Other"
"514",35,"Couples Retreat",2009,"Fall",113,6e+07,171800000,"Comedy","PG-13",10,"Not Sequel",87748251.7482518,251252494.172494,"Comedy"
"515",36,"Polaroid",2019,"Fall",88,8500000,1700000,"Horror","PG-13",18,"Not Sequel",10428040.6726633,2085608.13453266,"Horror"
"516",37,"Sideways",2004,"Fall",127,1.6e+07,109700000,"Comedy","R",96,"Not Sequel",26570672.3133933,182175172.048703,"Comedy"
"517",38,"Geostorm",2017,"Fall",109,1.85e+08,221600000,"Action","PG-13",17,"Not Sequel",236778865.769074,283622684.618523,"Action"
