"","Movie.Name","Year","Season","Run.Time","Budget","Box.Office","Genre","MPAA.Rating","Critic.Score","Sequel"
"1","Lemony Snicket's A Series of Unfortunate Events",2004,"Fall",108,350400741.132875,351231074.642668,"Other","PG",73,0
"2","A Star Is Born",2018,"Fall",136,44974910.3942652,545070927.917164,"Drama","R",90,1
"3","Solaris",2002,"Fall",99,81956086.7148416,52312395.7754308,"Sci-Fi","PG-13",66,1
"4","Fired Up",2009,"Winter",90,29249417.2494172,27055710.955711,"Comedy","PG-13",24,0
"5","The Lion King",2019,"Summer",118,466194759.48377,2032854517.01212,"Other","PG",52,1
"6","The Little Vampire",2000,"Fall",95,63760162.601626,51008130.0813008,"Fantasy","PG",47,0
"7","Can You Ever Forgive Me?",2018,"Fall",107,12493030.6650737,15491358.0246914,"Biography","R",98,0
"8","Broken English",2007,"Spring",96,3026531.59671973,2875205.01688374,"Romance","PG-13",64,0
"9","The Last Exorcism",2010,"Summer",87,2588995.87345254,100970839.064649,"Horror","PG-13",77,0
"10","Biosphere",2023,"Summer",107,82583472541.2975,99100167049.5569,"Comedy","R",79,0
"11","Captain America: The First Avenger",2011,"Summer",124,346409048.465985,516928501.556247,"Action","PG-13",80,0
"12","Hacksaw Ridge
",2016,"Fall",139,52283333.3333333,235928541.666667,"Other","R",84,0
"13","A Cinderella Story",2004,"Summer",95,31552673.3721546,116412758.073055,"Comedy","PG",11,0
"14","The Reluctant Fundamentalist",2013,"Spring",130,20195278.9699571,2827339.05579399,"Thriller","R",57,0
"15","Bridget Jones's Baby",2016,"Summer",123,45747916.6666667,277101666.666667,"Comedy","R",77,1
"16","The Perfect Score",2004,"Winter",93,15084392.0945827,18101270.5134992,"Comedy","PG-13",17,0
"17","Finding Bliss",2010,"Spring",96,1725997.24896836,2071196.69876204,"Comedy","R",0,0
"18","Mr. Holmes
",2015,"Summer",104,13236286.9198312,38914683.5443038,"Other","PG",89,0
"19","Warm Bodies",2013,"Winter",98,47122317.5965665,157523175.965665,"Comedy","PG-13",81,0
"20","A Home at the End of the World",2004,"Summer",96,10794335.627316,2491000.52938062,"Drama","R",50,0
"21","Looking Glass",2018,"Winter",103,79942903225806.5,95931483870967.8,"Thriller","R",29,0
"22","Now You See Me 2",2016,"Spring",129,196062500,437742208.333333,"Action","PG-13",33,1
"23","The Longest Yard",2005,"Spring",113,131712237.583205,307596262.160778,"Comedy","PG-13",26,1
"24","Amsterdam",2022,"Fall",134,85739665.1861975,33438469.422617,"Other","R",33,0
"25","Mank",2020,"Fall",131,30303323.0293663,148573556414.219,"Biography","R",83,0
"26","The Master of Disguise",2002,"Summer",80,27899944.4135631,75678599.2217899,"Comedy","PG",1,0
"27","The Hangover Part III",2013,"Spring",100,138674248.927039,487379399.141631,"Comedy","R",20,1
"28","Gone",2012,"Winter",95,20608195.4123113,24729834.4947735,"Thriller","PG-13",15,0
"29","Godzilla x Kong: The New Empire",2024,"Winter",115,2.1e+08,572500000,"Action","PG-13",54,1
"30","In the Name of the King",2008,"Winter",127,87422201.5791918,19087180.6781235,"Fantasy","PG-13",4,0
"31","War",2007,"Summer",103,37831644.9589966,61589917.9932465,"Action","R",30,0
"32","Confessions of a Teenage Drama Queen",2004,"Winter",85,24910005.2938062,55300211.7522499,"Comedy","PG",14,0
"33","Palm Springs",2020,"Summer",90,6060664.60587326,1818199.38176198,"Comedy","R",94,0
"34","Table 19
",2017,"Winter",87,6399428.80456956,6399428.80456956,"Comedy","PG-13",31,0
"35","The Whole Ten Yards",2004,"Spring",99,66426680.7834833,43509475.9131816,"Comedy","PG-13",4,1
"36","Friday the 13th",2009,"Winter",97,27786946.3869464,135571048.951049,"Horror","R",25,1
"37","Sorority Boys",2002,"Winter",93,20924958.3101723,21796831.5730962,"Comedy","R",46,0
"38","The Brown Bunny",2004,"Summer",119,16606670.1958708,1046929327157.23,"Drama","NC-17",33,0
"39","Trick 'r Treat",2009,"Fall",82,17549650.3496503,40816099300.6993,"Horror","R",85,0
"40","The Water Diviner
",2015,"Spring",111,29781645.5696203,50562616.0337553,"Drama","R",63,0
"41","Maps to the Stars
",2015,"Winter",112,17207172.9957806,5956329.11392405,"Drama","R",62,0
"42","Transformers: The Last Knight",2017,"Spring",149,444120359.037128,774842839.657283,"Action","PG-13",15,1
"43","Tolkien",2019,"Spring",112,24536566.2886195,11041454.8298788,"Biography","PG-13",52,0
"44","Daddy Day Camp",2007,"Summer",89,9079594.79015919,27541437.5301495,"Comedy","PG",1,1
"45","New York Minute",2004,"Spring",91,49820010.5876125,35372207.5172049,"Comedy","PG",11,0
"46","Your Lucky Day",2023,"Fall",89,15642102614.5936,18770523137.5123,"Thriller","R",64,0
"47","Ella Enchanted",2004,"Spring",92,51480677.6071996,45502276.3366861,"Fantasy","PG",50,0
"48","The Book of Henry",2017,"Spring",105,12798857.6091391,5887474.500204,"Drama","PG-13",21,0
"49","Tangled",2010,"Fall",100,373966070.609812,852211141.678129,"Animation","PG",89,0
"50","Immaculate",2024,"Winter",89,9e+06,3.5e+07,"Horror","R",70,0
"51","Kingdom of the Planet of the Apes",2024,"Spring",145,2e+08,397300000,"Sci-Fi","PG-13",80,1
"52","Meet the Parents",2000,"Fall",108,100194541.231127,601895934.95935,"Comedy","PG-13",84,0
"53","Dear White People",2014,"Fall",108,1722898.18335446,7156653.99239544,"Comedy","R",92,0
"54","Daredevil",2003,"Winter",103,132981521.73913,305516521.73913,"Action","PG-13",43,0
"55","Holes",2003,"Spring",117,34097826.0869565,121729239.130435,"Other","PG",78,0
"56","Shang-Chi and the Legend of the Ten Rings
",2021,"Winter",132,289391143.911439,500299409.594096,"Action","PG-13",92,0
"57","Street Fighter: The Legend of Chun-Li",2009,"Winter",96,73123543.1235431,18719627.039627,"Action","PG-13",6,1
"58","The Seagull",2018,"Spring",98,1561628.83313421,1873954.59976105,"Drama","PG-13",66,0
"59","Anchorman 2: The Legend Continues",2013,"Fall",118,67317596.5665236,233726695.27897,"Comedy","PG-13",74,1
"60","Gone Baby Gone",2007,"Fall",114,28752050.1688374,52358996.6232513,"Other","R",94,0
"61","Storks",2016,"Summer",87,91495833.3333333,239719083.333333,"Animation","PG",66,0
"62","Together Together",2021,"Summer",90,1389077.49077491,1620590.40590406,"Comedy","R",89,0
"63","Mary Poppins Returns",2018,"Fall",131,162409398.645958,436631421.744325,"Fantasy","PG",80,1
"64","Birthday Girl",2002,"Winter",93,22668704.83602,28248693.7187326,"Comedy","R",52,0
"65","MVP: Most Valuable Primate",2000,"Fall",93,1821718.93147503,2186062.71777003,"Comedy","PG",13,0
"66","Confidence",2003,"Spring",97,25573369.5652174,39212500,"Crime","R",70,0
"67","Good Luck Chuck",2007,"Summer",99,37831644.9589966,90493294.7419199,"Comedy","PG-13",5,0
"68","Brother Bear",2003,"Fall",85,78425000,426904782.608696,"Animation","G",37,0
"69","You're Next",2013,"Summer",94,1346351.93133047,36216866.9527897,"Horror","R",76,0
"70","Crossing Over",2009,"Winter",113,4265540.01554002,5118648.01864802,"Drama","PG-13",16,0
"71","No One Lives",2013,"Spring",86,6731759.65665236,1411924655793.99,"Horror","R",48,0
"72","Mary Queen of Scots",2018,"Fall",125,31232576.6626842,58717244.1258463,"Biography","R",63,0
"73","College",2008,"Summer",94,10199256.8509057,9033627.49651649,"Comedy","R",5,0
"74","Mechanic: Resurrection",2016,"Summer",98,52283333.3333333,164431083.333333,"Action","R",32,1
"75","The Bank Job",2008,"Winter",112,29140733.8597306,96310125.4064096,"Crime","R",79,0
"76","Sound of Freedom",2023,"Summer",131,14928290.1214309,258413849.688218,"Action","PG-13",57,0
"77","The Darkest Minds",2018,"Summer",105,42476304.2612505,51346356.0334528,"Sci-Fi","PG-13",17,0
"78","The Souvenir",2019,"Spring",119,2044713.85738496,2453656.62886195,"Drama","R",88,0
"79","Loving Jezebel",2000,"Fall",87,109591574719.319,131509889663.182,"Comedy","R",40,0
"80","The Blackening",2023,"Spring",97,5147686.24876928,19149392.8454217,"Horror","PG-13",80,0
"81","Tiger Eyes",2013,"Spring",92,30472432045.7797,36566918454.9356,"Drama","PG-13",77,0
"82","The Empty Man",2020,"Fall",137,19394126.7387944,5818238.02163833,"Horror","R",75,0
"83","Supercross",2005,"Summer",80,48187403.9938556,5371981590885.82,"Action","PG-13",5,0
"84","To Rome with Love",2012,"Spring",112,23226916.3763066,100012369.337979,"Comedy","R",44,0
"85","Deepwater Horizon",2016,"Summer",107,203905000,159202750,"Thriller","PG-13",83,0
"86","The Twilight Saga: Eclipse",2010,"Spring",123,97806510.7748739,1062926639.15635,"Fantasy","PG-13",47,1
"87","Tears of the Sun",2003,"Winter",121,171341576.086957,147473097.826087,"Other","R",33,0
"88","Winchester",2018,"Winter",99,4372560.73277579,54969334.9263242,"Horror","PG-13",14,0
"89","Ramona and Beezus",2010,"Summer",103,21574965.6121045,39266437.4140303,"Comedy","G",70,0
"90","Lowriders",2017,"Spring",99,6399428.80456956,8063280.29375765,"Drama","PG-13",58,0
"91","Paws of Fury: The Legend of Hank",2022,"Summer",98,48228561.6672361,45549197.1301674,"Animation","PG",53,0
"92","Five Nights at Freddy's",2023,"Fall",109,20590744.9950771,300213062.028224,"Horror","PG-13",32,0
"93","The Other Man",2009,"Summer",84,2559324.00932401,3071188.81118881,"Drama","R",18,0
"94","Sex and the City",2008,"Spring",145,94707385.0441245,610206967.022759,"Romance","R",49,0
"95","Beautiful Disaster",2023,"Spring",95,5919839.18608467,7103807.02330161,"Romance","PG-13",25,0
"96","About Last Night",2014,"Winter",100,17228981.8335446,66927967.8918462,"Comedy","R",13,1
"97","The Disappointments Room",2016,"Summer",85,19606250,7450375,"Thriller","R",0,0
"98","Cry Macho",2021,"Fall",104,38199630.99631,19099815.498155,"Drama","PG-13",59,0
"99","Breaking",2022,"Summer",103,2500740.23459743,3000888.28151691,"Drama","R",80,0
"100","The Suicide Squad",2021,"Fall",132,214149446.494465,195281143.911439,"Action","R",90,1
"101","The Front Runner",2018,"Fall",114,31232576.6626842,3997769.81282358,"Drama","R",60,0
"102","Case 39",2010,"Fall",109,37396607.0609812,40560935.3507565,"Horror","R",30,0
"103","The Cave",2005,"Summer",97,40156169.9948797,53488018.4331797,"Horror","PG-13",13,0
"104","Shazam!",2019,"Spring",132,171755964.020336,451227454.047712,"Action","PG-13",90,0
"105","Keeping the Faith",2000,"Spring",128,52829849.0127758,109120963.995354,"Comedy","PG-13",69,0
"106","The Pale Blue Eye",2022,"Fall",130,77165698.6675777,92598838.4010933,"Other","R",64,0
"107","John Carter",2012,"Winter",132,418904268.292683,388162761.324042,"Action","PG-13",52,0
"108","Ice Age: Dawn of the Dinosaurs",2009,"Summer",94,131622377.622378,1296772913.75291,"Animation","PG",45,1
"109","Dune: Part Two",2024,"Winter",166,1.9e+08,715400000,"Sci-Fi","PG-13",92,1
"110","The Dukes of Hazzard",2005,"Summer",104,85131080.3891449,176365898.617512,"Action","PG-13",14,1
"111","The Snowman",2017,"Fall",119,44796001.6319869,55163076.2953896,"Thriller","R",29,0
"112","Witless Protection",2008,"Winter",99,10927775.197399,6119554.11054343,"Comedy","PG-13",0,0
"113","Fantastic Beasts: The Secrets of Dumbledore",2022,"Spring",142,214349162.965494,436414895.797745,"Fantasy","PG-13",46,1
"114","The Longshots",2008,"Summer",95,33511843.9386902,17193032.9772411,"Drama","PG",40,0
"115","The Incredible Hulk",2008,"Spring",112,309620297.259638,386988945.657222,"Action","PG-13",67,0
"116","Children of the Corn",2023,"Winter",93,493473504813.478,592168205776.173,"Horror","R",11,1
"117","Risen",2016,"Winter",107,26141666.6666667,60648666.6666667,"Drama","PG-13",52,0
"118","Trauma Center",2019,"Fall",87,95046478946.6823,114055774736.019,"Action","R",0,0
"119","Robot & Frank",2012,"Summer",89,3415722.99651568,6694817.07317073,"Sci-Fi","PG-13",86,0
"120","Fantastic Mr. Fox",2009,"Fall",87,58498834.4988345,84969557.1095571,"Animation","PG",93,0
"121","The Wedding Planner",2001,"Winter",104,80594861.660079,167743591.191417,"Comedy","PG-13",17,0
"122","Mrs Henderson Presents",2005,"Fall",103,32124935.9959037,44653661.0343062,"Comedy","R",75,0
"123","Joshua",2007,"Summer",106,907919125261.296,1089502950313.56,"Horror","R",61,0
"124","North Country",2005,"Fall",126,56218637.9928315,40477419.3548387,"Drama","R",69,0
"125","The Current War",2019,"Fall",107,36804849.4329292,15826085.2561596,"Biography","PG-13",32,0
"126","I, Robot",2004,"Summer",115,274010058.231869,586381524.616199,"Sci-Fi","PG-13",56,0
"127","Max Payne",2008,"Fall",100,50996284.2545286,125013748.258244,"Action","PG-13",16,0
"128","The Pacifier",2005,"Winter",95,89949820.7885305,319000614.439324,"Comedy","PG",21,0
"129","Never Back Down",2008,"Winter",115,29140733.8597306,60612726.4282397,"Action","PG-13",22,0
"130","Despicable Me 4",2024,"Summer",94,9.7e+07,9.72e+08,"Animation","PG",56,1
"131","Moonrise Kingdom",2012,"Spring",94,21860627.1777003,94000696.8641115,"Other","PG-13",93,0
"132","Proof of Life",2000,"Fall",135,118411730.545877,114403948.896632,"Thriller","PG-13",39,0
"133","The Last Song",2010,"Winter",107,28766620.8161394,128011462.63182,"Drama","PG",21,0
"134","Judy",2019,"Summer",118,12268283.1443097,56434102.4638248,"Biography","PG-13",80,0
"135","The Eyes of Tammy Faye",2021,"Fall",126,3665621.15621156,4398745.38745387,"Biography","PG-13",68,0
"136","Enchanted",2007,"Fall",107,128627592.860589,515267004.341534,"Fantasy","PG",93,0
"137","The Canyons",2013,"Summer",99,336587982832.618,357685317596.567,"Drama","R",25,0
"138","The Interpreter",2005,"Spring",128,128499743.983615,261657603.686636,"Thriller","PG-13",56,0
"139","The Conjuring",2013,"Summer",112,26927038.6266094,430159442.060086,"Horror","R",86,0
"140","Nacho Libre",2006,"Spring",92,54461805.5555556,154049107.142857,"Comedy","PG",40,0
"141","Four Good Days",2021,"Summer",100,833534276445.264,1000241131734.32,"Drama","R",53,0
"142","Bruce Almighty",2003,"Spring",101,138096195.652174,826190326.086957,"Comedy","PG-13",48,0
"143","Knights of the Zodiac",2023,"Spring",112,61772234.9852314,7206760.74827699,"Fantasy","PG-13",21,0
"144","Dr. Seuss' The Lorax",2012,"Winter",86,95640243.902439,480114024.390244,"Animation","PG",54,0
"145","The Illusionist",2006,"Summer",110,25674851.1904762,136621329.365079,"Other","PG-13",74,0
"146","Drag Me to Hell",2009,"Spring",99,43874125.8741259,132792354.312354,"Horror","PG-13",92,0
"147","The Tigger Movie",2000,"Winter",77,54651567.9442509,175249361.207898,"Animation","G",76,0
"148","Nicholas Nickleby",2002,"Fall",132,17437465.2584769,6451862.14563646,"Drama","PG",78,0
"149","Bulletproof Monk",2003,"Spring",104,88654347.826087,64274402.173913,"Action","PG-13",23,0
"150","Hobo with a Shotgun",2011,"Spring",86,4184526.45620276,1164627639395.29,"Action","R",65,0
"151","Open Water",2004,"Summer",79,830333509793.542,92167019.5870831,"Thriller","R",71,0
"152","American Fiction",2023,"Fall",117,10295372.4975386,23679356.7443387,"Comedy","R",94,0
"153","Silent House",2012,"Winter",87,2732578.39721254,17898388.5017422,"Horror","R",13,0
"154","Marmaduke",2022,"Spring",88,1339682.26853434,1607618.7222412,"Animation","PG",0,1
"155","Surveillance",2009,"Spring",97,1340598.29059829,1608717.94871795,"Other","R",65,0
"156","The Children Act",2018,"Summer",105,18427220.2309837,22112664.2771804,"Drama","PG-13",84,0
"157","Someone Like You",2001,"Winter",97,40740259.7402597,68372783.7380011,"Comedy","PG-13",23,0
"158","Fat Albert",2004,"Fall",93,74730015.8814187,80708417.1519322,"Comedy","PG",23,0
"159","Celeste and Jesse Forever",2012,"Summer",92,1147682926829.27,4918641.11498258,"Comedy","R",81,0
"160","Hellboy II: The Golden Army",2008,"Summer",120,182129586.623316,245219275.429633,"Action","PG-13",86,1
"161","Maid in Manhattan",2002,"Fall",105,95906058.9216231,270106336.853808,"Comedy","PG-13",30,0
"162","Price of Glory",2000,"Winter",118,32790940.7665505,6376016.2601626,"Drama","PG-13",22,0
"163","Woman Walks Ahead",2018,"Spring",102,6246515.33253684,1212518587017.12,"Biography","R",52,0
"164","The Beach Bum",2019,"Winter",95,6134141.57215487,5643410.24638248,"Comedy","R",56,0
"165","Elysium",2013,"Summer",109,154830472.103004,385191287.553648,"Sci-Fi","R",65,0
"166","The Seeker",2007,"Fall",99,68096960.9261939,48121852.3878437,"Fantasy","PG",15,0
"167","Coming 2 America",2021,"Spring",110,69453874.5387454,83344649.4464945,"Comedy","PG-13",49,1
"168","Brüno",2009,"Summer",82,61423776.2237762,202990955.710956,"Comedy","R",69,0
"169","The Muppets",2011,"Fall",103,62767896.8430414,239633881.725211,"Other","PG",95,0
"170","Shorts: The Adventures of the Wishing Rock",2009,"Summer",89,29249417.2494172,42411655.011655,"Other","PG",44,0
"171","Rugrats Go Wild",2003,"Spring",80,42622282.6086956,94450978.2608696,"Animation","PG",40,1
"172","Edge of Darkness",2010,"Winter",117,115066483.264558,116648647.409445,"Action","R",55,0
"173","The Amazing Spider-Man",2012,"Summer",136,430381097.560976,1036603614.98258,"Action","PG-13",72,0
"174","Wonder Woman 1984",2020,"Fall",151,242426584.23493,205577743.431221,"Action","PG-13",58,1
"175","Life
",2017,"Winter",104,74233374.1330069,128628518.971848,"Sci-Fi","R",48,0
"176","Dr. Dolittle 2",2001,"Spring",87,123992094.86166,311928684.359119,"Comedy","PG",42,1
"177","Elektra",2005,"Winter",97,121271633.384537,91556067.5883256,"Action","PG-13",11,0
"178","Gone Girl",2014,"Fall",149,80843683.9881707,491556104.773975,"Thriller","R",87,0
"179","Panic",2000,"Fall",88,1182807185927.22,1419368623112.66,"Drama","R",84,0
"180","Larry the Cable Guy: Health Inspector",2006,"Winter",89,26452876.984127,24274404.7619048,"Comedy","PG-13",4,0
"181","2012 ",2009,"Fall",158,292494172.494173,1157106946.38695,"Action","PG-13",39,0
"182","Breaking In",2018,"Spring",88,14991636.7980884,64214177.6184787,"Thriller","PG-13",64,0
"183","The Darjeeling Limited",2007,"Summer",91,26482151.4712976,53115629.5224313,"Other","R",70,0
"184","Definitely, Maybe",2008,"Winter",111,34968880.6316767,81011240.1300511,"Comedy","PG-13",71,0
"185","Oldboy
",2005,"Winter",120,4818740.39938556,28269943.6763953,"Action","R",71,0
"186","You Will Meet a Tall Dark Stranger",2010,"Summer",100,31643282.8977533,51779917.4690509,"Comedy","R",45,0
"187","Stolen",2012,"Summer",96,47820121.9512195,24593205.5749129,"Action","R",18,0
"188","All Fun and Games",2023,"Summer",76,1201126.7913795,1441352.1496554,"Horror","R",25,0
"189","Empire of Light",2022,"Fall",115,10181585.240861,12217902.2890331,"Drama","R",45,0
"190","Rogue One: A Star Wars Story",2016,"Fall",134,444539041.666667,1384201250,"Sci-Fi","PG-13",84,0
"191","The Promise",2017,"Spring",134,115189718.482252,15870583.4353325,"Drama","PG-13",51,0
"192","Reservation Road",2007,"Fall",98,2269898.6975398,2723878.43704776,"Drama","R",38,0
"193","Lay the Favorite",2012,"Fall",94,20084451.2195122,2049433.79790941,"Comedy","R",18,0
"194","Sleeping with Other People
",2015,"Summer",101,3970886.07594937,4235611.81434599,"Comedy","R",74,0
"195","It Chapter Two",2019,"Summer",169,96919436.8400469,580412475.557294,"Horror","R",62,1
"196","Terror on the Prairie",2022,"Spring",107,2143491.62965494,14055946361.4622,"Other","R",30,0
"197","Dance Flick",2009,"Spring",83,36561771.5617716,46799067.5990676,"Comedy","PG-13",14,0
"198","Alvin and the Chipmunks: The Squeakquel",2009,"Fall",88,102372960.37296,648020839.160839,"Animation","PG",20,1
"199","Infamous",2006,"Fall",118,20228670.6349206,4045734.12698413,"Biography","R",73,0
"200","Mission: Impossible 2",2000,"Spring",124,332463704.994193,995387224.157956,"Action","PG-13",57,1
"201","Life or Something Like It",2002,"Spring",103,69749861.0339077,29469316.286826,"Comedy","PG-13",28,0
"202","The Wolfman",2010,"Winter",103,215749656.121045,205106006.419074,"Horror","R",34,0
"203","Lincoln
",2012,"Fall",150,88808797.9094077,376139416.376307,"Biography","PG-13",89,0
"204","Spider-Man 3",2007,"Spring",139,390422575.976845,1355734828.7506,"Action","PG-13",63,1
"205","Life Itself",2018,"Summer",117,12493030.6650737,9994424.53205894,"Drama","R",13,0
"206","America: Imagine the World Without Her",2014,"Spring",103,6626531.47444022,19084410.6463878,"Other","PG-13",19,0
"207","21 Jump Street",2012,"Winter",109,94752155.923345,274624128.919861,"Action","R",85,0
"208","Eternals
",2021,"Winter",156,273416752.767528,465456715.867159,"Action","PG-13",47,0
"209","The Invasion",2007,"Summer",99,158892908.827786,60833285.0940666,"Sci-Fi","PG-13",19,0
"210","Who Is Cletis Tout?",2002,"Summer",92,15693718.7326292,440655209560.867,"Comedy","R",38,0
"211","A Rainy Day in New York",2020,"Fall",92,30303323.0293663,28848763.5239567,"Comedy","PG-13",48,0
"212","Cobweb",2023,"Summer",88,7292555.51908982,8751066.62290778,"Horror","R",61,0
"213","Texas Chainsaw 3D",2013,"Winter",92,26927038.6266094,63682446.3519313,"Horror","R",19,1
"214","Fatman",2020,"Fall",100,24242658.423493,2060625.96599691,"Action","R",45,0
"215","No Time to Die
",2021,"Winter",163,463604612.546125,896186494.464945,"Action","PG-13",83,1
"216","Avengers: Age of Ultron",2015,"Spring",141,915421603.375527,1859698312.23629,"Action","PG-13",76,1
"217","We Need to Talk About Kevin",2011,"Fall",112,9763895.0644731,15064295.2423299,"Drama","R",76,0
"218","Beyond Borders",2003,"Fall",127,59671195.6521739,19947228.2608696,"Drama","R",14,0
"219","Brooklyn's Finest",2010,"Winter",132,24451627.6937185,52355249.8853737,"Crime","R",44,0
"220","Big Fat Liar",2002,"Winter",88,26156197.8877154,92418565.8699277,"Comedy","PG",45,0
"221","The Painted Veil",2006,"Fall",125,30187400.7936508,41857787.6984127,"Drama","PG-13",70,0
"222","The Wrath of Becky",2023,"Spring",83,177696413412.099,213235696094.519,"Action","R",79,1
"223","The Legend of Zorro",2005,"Fall",130,120468509.984639,228729544.290835,"Action","PG",43,1
"224","Terminator: Dark Fate",2019,"Fall",128,347192412.983966,320324872.897927,"Action","R",70,1
"225","Uncharted",2022,"Winter",116,128609497.779296,436307721.216262,"Action","PG-13",40,0
"226","2 Hearts",2020,"Fall",100,18181993.8176198,1575772.79752705,"Romance","PG-13",18,0
"227","Resident Evil: Retribution",2012,"Summer",96,88808797.9094077,328182665.505226,"Action","R",28,1
"228","Dashcam",2022,"Spring",76,63040981949.6641,75649178339.5969,"Horror","R",36,0
"229","The Human Stain",2003,"Fall",106,51146739.1304348,42451793.4782609,"Drama","R",44,0
"230","Her",2013,"Fall",126,30966094.4206009,65028798.2832618,"Romance","R",94,0
"231","Yogi Bear",2010,"Fall",80,115066483.264558,292700366.804218,"Animation","PG",13,0
"232","Failure to Launch",2006,"Winter",97,77802579.3650794,202597916.666667,"Comedy","PG-13",24,0
"233","Kings",2018,"Spring",92,947668210872.162,1137201853046.59,"Drama","R",13,0
"234","The Loft
",2015,"Winter",103,17207172.9957806,14559915.6118143,"Thriller","R",15,0
"235","The Witch",2016,"Winter",92,5228333.33333333,52806166.6666667,"Horror","R",89,0
"236","The Bad Guys",2022,"Spring",100,116820293.816194,268793850.358729,"Animation","PG",88,0
"237","Country Strong",2010,"Fall",117,28047455.2957359,29629619.4406236,"Drama","PG-13",22,0
"238","The Patriot",2000,"Spring",165,200389082.462253,392216085.946574,"Action","R",62,0
"239","Ricky Stanicky",2024,"Winter",114,49700000,59640000,"Comedy","R",44,0
"240","Abduction",2011,"Summer",105,48819475.3223655,114516540.684749,"Action","PG-13",5,0
"241","Come Play",2020,"Fall",96,10909196.2905719,16000154.5595054,"Horror","PG-13",55,0
"242","Racing Dreams",2010,"Spring",96,78007883998.166,93609460797.7992,"Other","PG",93,0
"243","ShowBusiness: The Road to Broadway",2007,"Spring",102,191312106447.982,229574527737.578,"Other","PG",50,0
"244","The Night Before",2015,"Fall",101,54930590.7172996,69358143.4599156,"Comedy","R",67,0
"245","The Smurfs",2011,"Summer",103,153432636.727434,786272521.120498,"Animation","PG",21,0
"246","White Bird",2024,"Fall",121,2e+07,8800000,"Drama","PG-13",73,1
"247","Lucky You",2007,"Spring",124,83229618.9097926,12711432.7062229,"Romance","PG-13",28,0
"248","The Boss Baby
",2017,"Winter",97,159985720.114239,675779681.762546,"Animation","PG",53,0
"249","Hot Rod",2007,"Summer",88,37831644.9589966,21791027.4963821,"Comedy","PG-13",38,0
"250","Kit Kittredge: An American Girl",2008,"Spring",101,14570366.9298653,25789549.4658616,"Drama","G",80,0
"251","Stone",2010,"Fall",105,31643282.8977533,14814809.7203118,"Drama","R",48,0
"252","Timeline",2003,"Fall",116,136391304.347826,74844728.2608696,"Sci-Fi","PG-13",11,0
"253","Play the Game",2009,"Winter",105,803728893162.393,964474671794.872,"Comedy","PG-13",38,0
"254","The Burnt Orange Heresy",2020,"Winter",98,718886742336.425,862664090803.709,"Thriller","R",67,0
"255","Hidalgo",2004,"Winter",136,166066701.958708,179518104.817364,"Other","PG-13",46,0
"256","Did You Hear About the Morgans?",2009,"Fall",103,84823310.02331,124748764.568765,"Comedy","PG-13",13,0
"257","Lawless",2012,"Summer",115,35523519.1637631,74326132.4041812,"Crime","R",78,0
"258","Saving Christmas
",2014,"Fall",79,662653147444.022,3710857.62568652,"Comedy","PG",0,0
"259","I Origins",2014,"Summer",106,1325306.29488804,1129689760456.27,"Sci-Fi","R",77,0
"260","Rita Moreno: Just a Girl Who Decided to Go for It",2021,"Summer",90,255268069495.695,306321683394.834,"Other","PG-13",98,0
"261","Bee Season",2005,"Fall",104,22487455.1971326,11083102.9185868,"Drama","PG-13",44,0
"262","Three Christs",2020,"Winter",109,38170065687.7898,45804078825.3478,"Drama","R",41,0
"263","Jigsaw",2017,"Fall",92,12798857.6091391,133364096.28723,"Horror","R",33,1
"264","Rush Hour 3",2007,"Summer",91,325352146.647371,390422575.976845,"Action","PG-13",18,1
"265","Marshall",2017,"Fall",118,15358629.130967,12926846.1852305,"Drama","PG-13",84,0
"266","Gringo",2018,"Winter",110,11451944.7763175,13742333.731581,"Action","R",60,0
"267","Wild West Comedy Show: 30 Days and 30 Nights – Hollywood to the Heartland",2008,"Winter",100,733246430562.006,879895716674.408,"Other","R",81,0
"268","Jennifer's Body",2009,"Summer",102,23399533.7995338,46214079.2540793,"Horror","R",45,0
"269","Behind the Burly Q",2010,"Spring",98,28633575194.8647,34360290233.8377,"Other","R",77,0
"270","12 Rounds",2009,"Winter",109,29249417.2494172,25300745.9207459,"Action","PG-13",30,0
"271","Mission: Impossible – Rogue Nation
",2015,"Summer",131,198544303.797468,940967637.130802,"Action","PG-13",94,1
"272","Forever My Girl",2018,"Winter",104,4372560.73277579,20488570.2907208,"Romance","PG",23,0
"273","Star Trek Beyond",2016,"Summer",122,241810416.666667,448983125,"Sci-Fi","PG-13",86,1
"274","The Irishman",2019,"Fall",209,348419241.298397,9814626.51544779,"Crime","R",95,0
"275","Arthur",2011,"Spring",110,55793686.0827034,67091907.5144509,"Comedy","PG-13",27,1
"276","Lions for Lambs",2007,"Fall",92,52964302.9425953,95638398.4563435,"Drama","R",28,0
"277","The Eternal Daughter",2022,"Fall",96,507587749117.413,609105298940.895,"Horror","PG-13",94,0
"278","The Perks of Being a Wallflower",2012,"Summer",103,17761759.5818815,45497430.3135889,"Drama","PG-13",85,0
"279","Remember Me",2010,"Winter",108,23013296.6529115,80546538.2851903,"Drama","PG-13",27,0
"280","Babel",2006,"Fall",144,38901289.6825397,210533779.761905,"Drama","R",69,0
"281","Anna Karenina",2012,"Summer",130,55471341.4634146,94137325.7839721,"Drama","R",63,0
"282","The Great Raid",2005,"Summer",132,160624679.979519,17347465.437788,"Action","R",36,0
"283","First Sunday",2008,"Winter",106,29140733.8597306,56533023.6878774,"Comedy","PG-13",13,0
"284","The Wedding Ringer
",2015,"Winter",101,30443459.9156118,105625569.620253,"Comedy","PG-13",29,0
"285","Spiral",2021,"Summer",93,23151291.5129151,46997121.7712177,"Horror","R",37,1
"286","Crime and Punishment in Suburbia",2000,"Summer",98,40068707897.7933,48082449477.3519,"Drama","R",10,0
"287","It",2017,"Summer",135,70393716.8502652,901295552.835577,"Horror","R",86,1
"288","The Namesake",2007,"Winter",121,14376025.0844187,30870622.2865412,"Drama","PG-13",86,0
"289","The Ring Two",2005,"Winter",110,80312339.9897593,263424475.166411,"Horror","PG-13",20,1
"290","Saw 3D",2010,"Fall",90,24451627.6937185,195900687.757909,"Horror","R",9,1
"291","The Rider",2018,"Spring",105,99944245320.5894,5247072.87933094,"Other","R",92,0
"292","Big Momma's House",2000,"Spring",99,54651567.9442509,316979094.076655,"Comedy","PG-13",30,0
"293","No Good Deed",2014,"Summer",84,17494043.0925222,71964131.8124208,"Thriller","PG-13",12,0
"294","1408",2007,"Spring",104,37831644.9589966,201264351.181862,"Horror","PG-13",79,0
"295","Grindhouse",2007,"Spring",191,130897491.558128,38436951.2783406,"Horror","R",84,0
"296","Lucky Numbers",2000,"Fall",105,114768292.682927,19856736.3530778,"Comedy","R",22,0
"297","Self/Less
",2015,"Summer",117,34414345.9915612,42091392.4050633,"Sci-Fi","PG-13",18,0
"298","Michael Clayton",2007,"Fall",120,32535214.6647371,140733719.247467,"Thriller","R",91,0
"299","Spy",2015,"Spring",120,86035864.978903,311979282.700422,"Comedy","R",95,0
"300","War of the Worlds",2005,"Spring",117,212024577.572965,970012442.396313,"Sci-Fi","PG-13",75,0
"301","Free Guy",2021,"Fall",115,188104243.542435,383732656.826568,"Action","PG-13",80,0
"302","A Man Apart",2003,"Spring",109,61376086.9565217,75526684.7826087,"Action","R",10,0
"303","Scouts Guide to the Zombie Apocalypse",2015,"Fall",93,35737974.6835443,21310421.9409283,"Comedy","R",60,0
"304","Minority Report",2002,"Spring",145,177862145.636465,624958754.863813,"Sci-Fi","PG-13",90,0
"305","Thirteen Conversations About One Thing",2002,"Spring",104,5386217956272,6463461547526.4,"Drama","R",84,0
"306","Sunshine Cleaning",2009,"Winter",91,7312354.31235431,25300745.9207459,"Comedy","R",74,0
"307","Get Low",2010,"Summer",100,10068317.2856488,15533975.2407153,"Drama","PG-13",85,0
"308","Beau Is Afraid",2023,"Spring",179,36033803.741385,12663308.1719724,"Horror","R",67,0
"309","The Amityville Horror",2005,"Spring",89,30518689.1961085,172671530.977983,"Horror","R",23,1
"310","The Adam Project",2022,"Winter",106,124322514.519986,149187017.423984,"Sci-Fi","PG-13",67,0
"311","When You Finish Saving the World",2023,"Winter",88,168947062684.608,202736475221.529,"Comedy","R",64,0
"312","Get Carter",2000,"Fall",102,115861324.041812,35341347.2706156,"Action","R",25,1
"313","MaXXXine",2024,"Summer",104,1e+07,22100000,"Horror","R",92,1
"314","Sleuth",2007,"Fall",88,6053063.19343946,7263675.83212735,"Thriller","R",36,1
"315","Over Her Dead Body",2008,"Winter",95,14570366.9298653,31326288.8992104,"Comedy","PG-13",15,0
"316","Gotti",2018,"Spring",110,12493030.6650737,7995539.62564715,"Crime","R",0,0
"317","Ferrari",2023,"Fall",130,97806038.7266164,44887824.0892681,"Drama","R",73,0
"318","Valkyrie",2008,"Fall",121,174844403.158384,293592893.636786,"Thriller","PG-13",61,0
"319","The Truth About Charlie",2002,"Fall",104,104624791.550862,12380600.3335186,"Thriller","PG-13",33,0
"320","Marcel the Shell with Shoes On",2022,"Spring",90,6430474.88896481,7502220.70379228,"Animation","PG",99,0
"321","Connie and Carla",2004,"Spring",98,44838009.5288512,18765537.321334,"Comedy","PG-13",43,0
"322","The Assassination of Richard Nixon",2004,"Fall",95,7639068.29010058,7306934.88618317,"Drama","R",77,0
"323","The Nut Job 2: Nutty by Nature",2017,"Summer",91,51195430.4365565,87928151.7747858,"Animation","PG",16,1
"324","Chaos Walking",2021,"Spring",109,188104243.542435,31254243.5424354,"Sci-Fi","PG-13",21,0
"325","Martin Lawrence Live: Runteldat",2002,"Summer",113,5231239.57754308,33305558.6436909,"Comedy","R",33,0
"326","Breakthrough",2019,"Spring",116,17175596.4020336,61832147.0473211,"Drama","PG-13",60,0
"327","Hellion",2014,"Spring",99,61525135896.3526,73830163075.6232,"Drama","R",61,0
"328","Till",2022,"Fall",130,21434916.2965494,12325076.8705159,"Drama","PG-13",98,0
"329","Young Woman and the Sea",2024,"Spring",129,1583333.33333333,1900000,"Drama","PG",94,0
"330","Nerve",2016,"Summer",96,24834583.3333333,111494208.333333,"Thriller","PG-13",67,0
"331","Love Don't Cost a Thing",2003,"Fall",101,29835597.826087,35802717.3913044,"Comedy","PG-13",13,0
"332","Kickin' It Old Skool",2007,"Spring",108,38890931.0178485,7112349.25229136,"Comedy","PG-13",2,0
"333","The Exorcist: The Version You've Never Seen",2000,"Summer",122,21860627.1777003,803924564.45993,"Horror","R",84,1
"334","Going in Style",2017,"Spring",96,31997144.0228478,108662301.101591,"Comedy","PG-13",47,1
"335","Superbad",2007,"Summer",113,41614809.4548963,258465798.359865,"Comedy","R",88,0
"336","Better Living Through Chemistry",2014,"Winter",91,133439568722.715,160127482467.258,"Comedy","R",24,0
"337","Mad Max: Fury Road",2015,"Spring",120,327134831.223629,503508354.43038,"Action","R",97,1
"338","The Color Purple",2023,"Fall",141,144135214.96554,70832162.7830653,"Other","PG-13",83,1
"339","The Midnight Sky",2020,"Fall",118,121213292.117465,3636398.76352396,"Sci-Fi","PG-13",51,0
"340","Novocaine",2001,"Fall",95,17713156.4088086,4428289.10220215,"Comedy","R",52,0
"341","Alpha and Omega",2010,"Summer",88,28766620.8161394,72635717.5607519,"Animation","PG",17,0
"342","How High",2001,"Fall",103,38968944.0993789,55442179.5595709,"Comedy","R",26,0
"343","Chapter 27",2008,"Winter",84,227647412912.216,273176895494.659,"Drama","R",18,0
"344","All the Money in the World",2017,"Fall",135,63994288.0456956,72953488.372093,"Crime","R",79,0
"345","Extraordinary Measures",2010,"Winter",106,44588262.265016,21574965.6121045,"Drama","PG",28,0
"346","Demonic",2021,"Fall",104,1736346.86346863,424427997047.97,"Horror","R",32,0
"347","The Divergent Series: Allegiant",2016,"Winter",121,236582083.333333,234229333.333333,"Sci-Fi","PG-13",13,1
"348","The Ruins",2008,"Spring",90,36425917.3246633,33366140.2693915,"Horror","R",49,0
"349","Alex & Emma",2003,"Spring",96,51146739.1304348,25573369.5652174,"Romance","PG-13",11,0
"350","Bubble Boy",2001,"Summer",84,23027103.3314512,8856578.20440429,"Comedy","PG-13",32,0
"351","The Man Who Cried",2001,"Spring",100,35426312.8176172,3188368.15358554,"Drama","PG-13",33,0
"352","The Iron Claw",2023,"Fall",132,16369642.2710863,46535083.6888743,"Drama","R",89,0
"353","Mystic River",2003,"Fall",138,68195652.173913,266985978.26087,"Drama","R",89,0
"354","Fresh",2022,"Winter",114,26793645.3706867,32152374.4448241,"Horror","R",87,0
"355","Untraceable",2008,"Winter",101,50996284.2545286,77222944.7282861,"Thriller","R",16,0
"356","Saved!",2004,"Spring",92,8303335.09793541,16772736.8978295,"Comedy","PG-13",76,0
"357","Redeeming Love",2022,"Winter",134,32152374.4448241,10074410.6593782,"Romance","PG-13",13,0
"358","Fruitvale Station",2013,"Summer",85,1211716738197.42,23426523.6051502,"Drama","R",94,0
"359","Tuesday",2024,"Spring",110,6.2975e+11,7.557e+11,"Fantasy","R",74,0
"360","Hitchcock
",2012,"Fall",98,20494337.9790941,36889808.3623693,"Drama","PG-13",60,0
"361","Emma",2020,"Winter",124,12121329.2117465,33212442.0401855,"Romance","PG",86,0
"362","Christmas with the Kranks",2004,"Fall",98,99640021.175225,160420434.092112,"Comedy","PG",5,0
"363","The Girl in the Spider's Web",2018,"Fall",117,53720031.8598168,43975467.9410593,"Thriller","R",38,1
"364","The King's Daughter",2022,"Winter",94,42869832.5930987,2357840.79262043,"Fantasy","PG",19,0
"365","Club Dread",2004,"Winter",103,14115669.6664902,12621069.3488618,"Comedy","R",30,0
"366","Lorelei",2021,"Fall",110,12194942804.428,14633931365.3137,"Drama","R",89,0
"367","Preacher's Kid",2010,"Winter",110,4314993.12242091,740833977533.242,"Drama","PG-13",17,0
"368","The Namesake",2006,"Summer",121,14782490.0793651,31743452.3809524,"Drama","PG-13",86,0
"369","Bewitched",2005,"Spring",102,136530977.982591,211060829.493088,"Comedy","PG-13",15,0
"370","W.",2008,"Fall",129,36571620.9939619,42982582.4431026,"Biography","PG-13",58,0
"371","The Two Popes",2019,"Fall",125,49073132.577239,930808137270.239,"Drama","PG-13",89,0
"372","The Mule",2018,"Fall",116,62465153.3253684,218378176.025488,"Crime","R",61,0
"373","Basic",2003,"Winter",98,85244565.2173913,72969347.826087,"Action","R",22,0
"374","Hell or High Water",2016,"Summer",102,15685000,49538458.3333333,"Crime","R",97,0
"375","Killers",2010,"Spring",100,107874828.060523,141244108.207244,"Action","PG-13",11,0
"376","Reign Over Me",2007,"Winter",124,30265315.9671973,33291847.563917,"Drama","R",64,0
"377","The Oranges",2012,"Fall",92,9564024.3902439,2595949.47735192,"Comedy","R",46,0
"378","Sharp Stick",2022,"Summer",96,61266349504.6122,73519619405.5347,"Comedy","R",53,0
"379","Big Hero 6
",2014,"Fall",102,218675538.656527,871786480.777355,"Animation","PG",90,0
"380","6 Underground",2019,"Fall",128,184024247.164646,220829096.597575,"Action","R",36,0
"381","Glass Onion: A Knives Out Mystery",2022,"Fall",139,42869832.5930987,16076187.222412,"Other","PG-13",92,1
"382","Women in Trouble",2009,"Fall",92,73123543123.5431,26324475524.4755,"Comedy","R",65,0
"383","Like Crazy",2011,"Fall",90,348710538016.896,5300400.17785683,"Drama","PG-13",72,0
"384","Waitress",2007,"Spring",104,2269898.6975398,33291847.563917,"Comedy","PG-13",89,0
"385","I'll See You in My Dreams
",2015,"Spring",96,1323628.69198312,9927215.18987342,"Comedy","PG-13",93,0
"386","It's Complicated",2009,"Fall",120,171840326.340326,320427365.967366,"Comedy","R",57,0
"387","The Purge: Anarchy",2014,"Summer",104,19216941.2758766,148301774.397972,"Horror","R",57,1
"388","Safe",2012,"Spring",95,40988675.9581882,55471341.4634146,"Action","R",58,0
"389","The Pursuit of Happyness",2006,"Fall",117,85582837.3015873,477863442.460317,"Biography","PG-13",67,0
"390","The Holiday",2006,"Fall",136,132264384.920635,320235416.666667,"Romance","PG-13",49,0
"391","Entebbe",2018,"Winter",107,9994424.53205894,11993309.4384707,"Thriller","PG-13",24,0
"392","Hercules",2014,"Summer",98,132530629.488804,324434980.988593,"Action","PG-13",58,0
"393","Copperhead",2013,"Spring",118,16156223.1759657,231222480686.695,"Drama","PG-13",21,0
"394","Coyote Ugly",2000,"Summer",101,81977351.9163763,207493786.295006,"Comedy","PG-13",23,0
"395","Smile",2022,"Summer",115,18219678.852067,232997540.143492,"Horror","R",80,0
"396","Candyman",2021,"Fall",91,28939114.3911439,89595498.1549816,"Horror","R",84,1
"397","Chasing Liberty",2004,"Winter",111,38195341.4505029,19928004.235045,"Romance","PG-13",19,0
"398","All Dirt Roads Taste of Salt",2023,"Fall",92,44685348430.1499,53622418116.1798,"Drama","PG-13",80,0
"399","Primeval",2007,"Winter",94,19168033.4458916,23001640.1350699,"Horror","R",18,0
"400","Motherhood",2009,"Fall",90,14624708.6247086,1062271560839.16,"Comedy","PG-13",37,0
"401","De-Lovely",2004,"Summer",125,24910005.2938062,30556273.1604023,"Other","PG-13",48,0
"402","Game 6",2006,"Winter",83,168136560846.561,201763873015.873,"Comedy","R",65,0
"403","Jiu Jitsu",2020,"Fall",102,30303323.0293663,121121170015.456,"Action","R",28,0
"404","The Final Season",2007,"Fall",114,1462433939138.13,1754920726965.75,"Drama","PG",30,0
"405","The Lincoln Lawyer",2011,"Winter",118,55793686.0827034,121490751.445087,"Thriller","R",84,0
"406","Dream House",2011,"Summer",92,69742107.6033793,55793686.0827034,"Thriller","PG-13",7,0
"407","Halloween Ends",2022,"Fall",111,35367611.8893065,112962008.882815,"Horror","R",40,1
"408","Free Birds",2013,"Fall",91,74049356.223176,148098712.446352,"Animation","PG",20,0
"409","Bad Boys II",2003,"Summer",147,221635869.565217,465946793.478261,"Action","R",23,1
"410","The Edge of Seventeen",2016,"Fall",104,11763750,25357416.6666667,"Comedy","R",94,0
"411","Ocean's Twelve",2004,"Fall",125,182673372.154579,602656061.408152,"Crime","PG-13",55,1
"412","Domestic Disturbance",2001,"Fall",89,132848673.066064,96005307.7357425,"Thriller","PG-13",23,0
"413","Resident Evil",2002,"Winter",100,57543635.3529739,179605892.162312,"Action","R",36,0
"414","Trolls Band Together",2023,"Fall",91,97806038.7266164,215791007.548408,"Animation","PG",62,1
"415","Mr. Malcolm's List",2022,"Summer",117,1786243.02471245,2143491.62965494,"Romance","PG",82,0
"416","Star Wars: The Rise of Skywalker",2019,"Fall",142,728367970.277669,1321294094.64216,"Sci-Fi","PG-13",52,1
"417","White Boy Rick",2018,"Summer",111,36229788.9287137,32481879.7291916,"Biography","R",61,0
"418","Turning Red",2022,"Winter",100,187555517.594807,23042535.0187906,"Animation","PG",95,0
"419","Kung Fu Hustle
",2005,"Spring",98,32124935.9959037,168495289.298515,"Action","R",90,0
"420","Naked Singularity",2021,"Fall",93,14055727859.7786,16866873431.7343,"Comedy","R",27,0
"421","Fred Claus",2007,"Fall",116,151326579.835986,147997395.079595,"Comedy","PG",20,0
"422","The Marksman",2021,"Spring",108,43987453.8745387,27665793.3579336,"Action","PG-13",38,0
"423","Pain & Gain",2013,"Spring",129,35005150.2145923,116055536.480687,"Action","R",50,0
"424","Zootopia",2016,"Winter",108,196062500,1339760416.66667,"Animation","PG",98,0
"425","Stomp the Yard",2007,"Winter",109,19672455.3786782,114251567.77617,"Drama","PG-13",37,0
"426","The Lovely Bones",2009,"Fall",135,95060606.0606061,136887272.727273,"Drama","PG-13",32,0
"427","Expend4bles",2023,"Summer",104,102953724.975386,52506399.7374467,"Action","R",14,1
"428","Unsane",2018,"Winter",98,1873954.59976105,17865033.8510554,"Horror","R",80,0
"429","Surrogates",2009,"Summer",89,116997668.997669,179006433.566434,"Sci-Fi","PG-13",39,0
"430","Roman J. Israel, Esq.",2017,"Fall",122,28157486.7401061,16638514.8918809,"Crime","PG-13",52,0
"431","The Angriest Man in Brooklyn",2014,"Spring",84,679438151668.779,815325782002.535,"Comedy","R",13,0
"432","Thirteen Ghosts",2001,"Fall",91,74395256.916996,121335121.400339,"Horror","R",16,0
"433","The Help",2011,"Summer",146,34871053.8016896,309375989.32859,"Drama","PG-13",76,0
"434","Nurse Betty",2000,"Summer",105,45542973.2868757,53558536.5853659,"Comedy","R",83,0
"435","State Property 2",2005,"Spring",94,3212493.59959037,2569994.8796723,"Action","R",50,1
"436","Scream",2022,"Winter",114,25721899.5558592,148865493.679535,"Horror","R",76,1
"437","License to Wed",2007,"Summer",91,52964302.9425953,105928605.885191,"Comedy","PG-13",7,0
"438","The Twilight Saga: New Moon",2009,"Fall",130,73123543.1235431,1041279254.07925,"Romance","PG-13",29,1
"439","Jesus' Son",2000,"Spring",107,4554297.32868757,2368234.61091754,"Drama","R",83,0
"440","Road to Perdition",2002,"Summer",117,139499722.067815,319803112.840467,"Crime","R",81,0
"441","Blinded by the Light",2019,"Summer",117,18402424.7164646,24045834.9628471,"Biography","PG-13",89,0
"442","The Hunt",2020,"Winter",90,16969860.8964451,15030448.2225657,"Action","R",57,0
"443","Maze",2001,"Fall",98,25055.2597402597,30066.3116883117,"Drama","R",40,0
"444","Sinister",2012,"Fall",109,4098867.59581882,119823562.71777,"Horror","R",64,0
"445","Criminal",2016,"Spring",109,41173125,50714833.3333333,"Action","R",31,0
"446","Vengeance",2022,"Summer",107,3929734.65436738,4715681.58524086,"Comedy","R",79,0
"447","Jason Bourne",2016,"Summer",123,156850000,543093125,"Action","PG-13",54,1
"448","Mona Lisa Smile",2003,"Fall",119,123263641.304348,240901141.304348,"Drama","PG-13",34,0
"449","Blade II",2002,"Winter",117,94162312.3957754,270280711.506392,"Action","R",57,1
"450","The Perfect Storm",2000,"Spring",130,218606271.777003,598799012.775842,"Action","PG-13",47,0
"451","The Stoning of Soraya M.",2009,"Spring",116,1340598.29059829,1608717.94871795,"Drama","PG-13",63,0
"452","Eragon",2006,"Fall",103,155605158.730159,389635317.460317,"Fantasy","PG",16,0
"453","Nefarious",2023,"Spring",97,1029537.24975386,5971316.04857237,"Horror","R",33,0
"454","The Greatest Game Ever Played",2005,"Summer",120,40156169.9948797,24736200.7168459,"Drama","PG",63,0
"455","Lightyear",2022,"Spring",105,214349162.965494,242643252.476939,"Animation","PG",74,0
"456","The Curious Case of Benjamin Button",2008,"Fall",166,340218067.812355,489272921.504877,"Drama","PG-13",71,0
"457","Extraction",2015,"Fall",83,1213326.30098453,1455991.56118143,"Action","R",6,0
"458","Broken Bridges",2006,"Summer",105,17116567.4603175,392963.711805556,"Drama","PG-13",5,0
"459","Gigi & Nate",2022,"Summer",114,2054179.47841931,2465015.37410318,"Drama","PG-13",26,0
"460","Spell",2020,"Fall",92,505160435342.607,606192522411.128,"Horror","R",48,0
"461","Twisted",2004,"Winter",97,83033350.9793542,68087347.8030704,"Thriller","PG-13",2,0
"462","The Homesman
",2014,"Fall",123,21204900.7182087,10867511.618082,"Drama","R",81,0
"463","The Menu",2022,"Fall",107,32152374.4448241,85310966.8602665,"Horror","R",88,0
"464","Behind Enemy Lines",2001,"Fall",106,70852625.6352343,215569113.4952,"Action","PG-13",37,0
"465","West of Memphis
",2012,"Fall",147,353133383420.441,423760060104.53,"Other","R",95,0
"466","Morbius",2022,"Spring",104,124858387.4274,179517423.983601,"Action","PG-13",15,0
"467","Lola Versus",2012,"Spring",87,518909806184.669,622691767421.603,"Comedy","R",33,0
"468","Crooked House",2017,"Fall",115,12798857.6091391,15358629.130967,"Other","PG-13",57,0
"469","Gloria Bell",2019,"Winter",102,11348161.9084865,13617794.2901838,"Drama","R",91,0
"470","Tall Girl",2019,"Summer",102,16684865.0762612,20021838.0915135,"Comedy","PG",39,0
"471","Evan Almighty",2007,"Spring",96,264821514.712976,263913555.23396,"Comedy","PG",24,1
"472","The Hills Have Eyes 2",2007,"Winter",90,22698986.975398,56898794.0183309,"Horror","R",12,1
"473","Year One",2009,"Spring",97,87748251.7482518,91258181.8181818,"Comedy","PG-13",14,0
"474","Hotel Rwanda",2004,"Fall",121,29061672.842774,56296611.9640021,"Drama","PG-13",90,0
"475","Dungeons & Dragons: Honor Among Thieves",2023,"Winter",134,154430587.463078,214349655.398753,"Fantasy","PG-13",91,0
"476","Ain't Them Bodies Saints",2013,"Summer",97,5385407.72532189,1346351.93133047,"Crime","R",78,0
"477","The Counselor",2013,"Fall",117,33658798.2832618,95590987.1244635,"Thriller","R",34,0
"478","The Favourite",2018,"Fall",120,18739545.9976105,119933094.384707,"Biography","R",93,0
"479","Easter Sunday",2022,"Summer",96,18219678.852067,14039870.1742398,"Comedy","PG-13",44,0
"480","Firewall",2006,"Winter",105,77802579.3650794,128841071.428571,"Thriller","PG-13",30,0
"481","Walking with Dinosaurs",2013,"Fall",87,107708154.506438,170313519.313305,"Other","PG",22,0
"482","Above Suspicion",2021,"Summer",104,24497924969.2497,29397509963.0996,"Crime","R",25,0
"483","Anna",2019,"Spring",119,36804849.4329292,38767774.7360188,"Action","R",46,0
"484","Cowboys & Aliens",2011,"Summer",119,227359270.787016,243818408.181414,"Sci-Fi","PG-13",44,0
"485","Logan
",2017,"Winter",137,205421664.626683,792505263.157895,"Action","R",94,1
"486","Super",2011,"Spring",96,3487105.38016896,828442783903.957,"Other","R",48,0
"487","Longlegs",2024,"Summer",101,1e+07,1.28e+08,"Horror","R",84,0
"488","High Fidelity",2000,"Winter",113,54651567.9442509,85802961.6724739,"Comedy","R",91,0
"489","Percy Jackson & the Olympians: The Lightning Thief",2010,"Winter",119,136641448.876662,325638147.638698,"Fantasy","PG",49,0
"490","Dumbo",2019,"Winter",112,208560813.453266,433438443.488463,"Other","PG",46,0
"491","Sweetwater",2023,"Spring",119,8236297.99803085,557631349195.93,"Other","R",36,0
"492","This Means War",2012,"Winter",97,88808797.9094077,213824259.581882,"Other","PG-13",26,0
"493","The Other Side of Heaven",2001,"Fall",113,12399209.486166,8502315.07622812,"Drama","PG",29,0
"494","Public Enemies",2009,"Summer",140,190121212.121212,313115011.655012,"Crime","R",68,0
"495","The Grudge",2020,"Winter",94,23030525.5023184,60000579.5981453,"Horror","PG-13",14,1
"496","Chappaquiddick",2018,"Spring",101,42476304.2612505,22862246.1170848,"Drama","PG-13",81,0
"497","Disobedience",2018,"Spring",114,7495818.39904421,9994424.53205894,"Drama","R",93,0
"498","Big George Foreman",2023,"Spring",129,32945191.9921234,6177223.49852314,"Other","PG-13",42,0
"499","Brotherly Love
",2015,"Spring",89,2514894.51476793,633482073839.662,"Drama","R",60,0
"500","The Lord of the Rings: The Return of the King",2003,"Fall",201,160259782.608696,1940166304.34783,"Fantasy","PG-13",93,1
"501","Shrek Forever After",2010,"Spring",93,312837001.375516,1087665933.05823,"Other","PG",57,1
"502","About a Boy",2002,"Spring",101,52312395.7754308,227558921.623124,"Other","PG-13",93,0
"503","The Accountant",2016,"Fall",128,57511666.6666667,202859333.333333,"Action","R",52,0
"504","Under the Silver Lake",2019,"Spring",139,9814626.51544779,2453656.62886195,"Other","R",59,0
"505","The Good Thief",2003,"Spring",108,51146739.1304348,9814965470108.7,"Crime","R",77,0
"506","Waiting for the Barbarians",2020,"Summer",112,772547866756.826,927057440108.192,"Drama","R",53,0
"507","The Dirt",2019,"Winter",108,28339734.0633555,34007680.8760266,"Other","R",36,0
"508","Johnson Family Vacation",2004,"Spring",97,19928004.235045,52311011.1169931,"Comedy","PG-13",6,0
"509","Basic Instinct 2",2006,"Winter",114,108923611.111111,60063591.2698413,"Thriller","R",6,1
"510","The Tomorrow Man",2019,"Spring",94,362019655520.793,434423586624.951,"Drama","PG-13",42,0
"511","Past Lives",2023,"Spring",106,12354446.9970463,43961240.5644897,"Romance","PG-13",96,0
"512","The Details",2012,"Fall",101,72407634654.4715,86889161585.3659,"Comedy","R",45,0
"513","Crazy, Stupid, Love",2011,"Summer",118,69742107.6033793,202252112.0498,"Other","PG-13",79,0
"514","Couples Retreat",2009,"Fall",113,87748251.7482518,251252494.172494,"Comedy","PG-13",10,0
"515","Polaroid",2019,"Fall",88,10428040.6726633,2085608.13453266,"Horror","PG-13",18,0
"516","Sideways",2004,"Fall",127,26570672.3133933,182175172.048703,"Comedy","R",96,0
"517","Geostorm",2017,"Fall",109,236778865.769074,283622684.618523,"Action","PG-13",17,0
